source_id,cohort,sde,period,depth,flat_bottom,asymmetry,depth_cv,se_snr,verdict,ra_deg,dec_deg,known_planet,known_toi,simbad_otype,identity,offset_pix,offset_arcsec,centroid_status,centroid_verdict,n_sectors,n_detected,ms_verdict
4275193889350151680,1,14.99083598969566,6.760000000000005,0.0003520730136121,0.25,0.6326962483656581,,1.9825303301918489,RESIDUAL,272.3847063856937,-0.3271873352824768,False,False,PM*,unknown,0.9273856672870576,19.475099013028213,ok,on_target,1,1,single_sector_only
1868370289135918080,2,13.24159338918862,1.1800000000000006,0.0022268127662474,0.1875,0.3135164186319913,0.3693384768124489,6.691180575650661,RESIDUAL,316.26743918801367,36.34632106188749,False,False,*,unknown,0.7842641112222823,16.46954633566793,ok,on_target,5,3,recurs
962511658619139584,2,13.20441138367907,0.8000000000000003,0.0006053995959719,0.15625,0.165682938715915,1.1461563269912562,11.02578260414868,RESIDUAL,94.1955726399822,45.26727101086492,False,False,Em*,unknown,0.5859545547685184,12.305045650138888,ok,on_target,3,3,recurs
811714360423246848,2,12.161174564996667,4.080000000000004,0.0028940057655634,0.5,0.2986530854748092,,17.32564939935305,RESIDUAL,141.85791511810388,39.42815750732929,False,False,PM*,unknown,0.9788601336658524,20.5560628069829,ok,on_target,2,1,single_sector_artifact
6251760619472670336,2,12.131787977728086,1.2200000000000006,0.025489962993644,0.5454545454545454,0.283838418697725,0.6121477362393657,14.67843394997264,RESIDUAL,232.90483989367303,-21.946849574199884,False,False,*,unknown,0.4824236439586858,10.1308965231324,ok,on_target,1,1,single_sector_only
3168125245131332608,2,11.350684350351916,0.56,0.0030862602735716,0.1333333333333333,0.1565590242567202,0.8036533677131118,51.52001912289213,RESIDUAL,108.78759253942684,15.9284037838696,False,False,PM*,unknown,0.2947855676609717,6.190496920880407,ok,on_target,8,4,recurs
1397924585409290240,2,11.003672104322002,2.940000000000002,0.0722179915374079,0.6666666666666666,0.0142511126268769,1.0503480776003304,272.86738473472167,RESIDUAL,237.35313792371403,46.1395982409362,False,False,*,unknown,0.2139631327496234,4.493225787742093,ok,on_target,6,2,recurs
6661356978880193024,2,10.826484664328008,1.1800000000000006,0.0110930086248222,0.52,0.1714322912533808,0.1128021319161391,7.306282326659779,RESIDUAL,285.64788701255657,-48.71348095894112,False,False,PM*,unknown,0.606137062872921,12.728878320331342,ok,on_target,1,1,single_sector_only
2173928934175297920,0,10.706360638260126,0.7600000000000002,0.000743875615777,0.1,0.1507734917037705,1.0260420385843023,3.1294770911910743,RESIDUAL,326.7757804471412,54.45189401981147,False,False,PM*,unknown,0.682263007103108,14.32752314916527,ok,on_target,8,3,recurs
5920839569767196672,0,10.399614915205747,1.0400000000000005,0.0015202125179547,0.1379310344827586,0.2050246858002583,0.3155372412164198,2.922540964969264,RESIDUAL,267.8255502633568,-54.75846304210554,False,False,*,unknown,0.0786046428423731,1.6506974996898367,ok,on_target,3,3,recurs
2233850977856841216,2,9.791160382386458,0.6800000000000002,0.0007132237652204,0.1666666666666666,0.2216200164905396,1.0879294842839715,6.051449347356321,RESIDUAL,300.2180112572316,55.328175031720896,False,False,PM*,unknown,0.4765046099632497,10.006596809228244,ok,on_target,14,4,recurs
4878414590001802240,2,8.717192062158365,12.940000000000012,0.0037179643452504,0.6666666666666666,0.4818954673121309,,17.70746292463873,RESIDUAL,71.65070102874934,-29.5208011649391,False,False,PM*,unknown,0.6118497198576637,12.848844117010938,ok,on_target,3,1,single_sector_artifact
5369082786461696896,2,7.401561237036383,6.960000000000006,0.0013283009932105,0.6666666666666666,0.9636725847595669,,9.11067406824618,RESIDUAL,178.60108594997035,-51.38557233037484,False,False,PM*,unknown,0.8706302786660376,18.283235851986788,ok,on_target,2,1,single_sector_artifact
2201904392635675008,1,6.890923172436013,7.000000000000005,0.0012592768205503,0.1818181818181818,0.1510579630669196,,8.882214618280438,RESIDUAL,340.44123634626294,62.09264614203951,False,False,PM*,unknown,0.8448350146124204,17.74153530686083,ok,on_target,8,2,recurs
3184635412951146880,1,6.575152916269896,12.960000000000012,0.00270040839813,1.0,0.7462172409332618,,33.80326479873152,RESIDUAL,71.68954304799853,-10.444811837245505,False,False,PM*,unknown,0.5724377242424971,12.02119220909244,ok,on_target,2,1,single_sector_artifact
6020835621152957312,0,6.431081458427688,0.9800000000000004,0.0006796839250167,0.2727272727272727,0.1986725708322019,1.0837859653977064,7.847806860779022,RESIDUAL,250.1376517800392,-34.92849126183461,False,False,PM*,unknown,0.3357431691460629,7.050606552067322,ok,on_target,1,1,single_sector_only
4878172250766902272,1,6.3844915142967045,12.960000000000012,0.003659221513234,0.6666666666666666,0.9069365718501824,,25.81913585071992,RESIDUAL,72.73799340648398,-29.70403832456072,False,False,PM*,unknown,0.7765005569355302,16.306511695646133,ok,on_target,1,1,single_sector_only
5069260705884398464,2,6.363307151687221,9.260000000000009,0.0018722207812523,0.24,0.0238760635413784,1.7808338612622618,8.398138183685289,RESIDUAL,39.71399768704472,-28.174442515347195,False,False,PM*,unknown,0.3926978235718126,8.246654295008065,ok,on_target,1,1,single_sector_only
1236737864403465088,1,6.3573479131467385,12.960000000000012,0.0025326793259952,0.6666666666666666,13.732086106241804,,15.65484589971611,RESIDUAL,221.88832130379888,18.737840089097784,False,False,*,unknown,0.9116232031820818,19.14408726682372,ok,on_target,2,1,single_sector_artifact
3501156871824448512,2,6.232705458780568,6.760000000000005,0.0013042150605382,0.4285714285714285,0.8465888771155969,,11.16309448175116,RESIDUAL,189.24643113133817,-23.447366474213112,False,False,PM*,unknown,0.5829030485420094,12.240964019382195,ok,on_target,1,1,single_sector_only
4063412762919622528,2,6.132775227517262,12.980000000000013,0.0865465420681053,0.5,1.2898318815893743,,242.58101686357296,RESIDUAL,268.8522179053533,-28.14996973200418,False,False,PM*,unknown,0.2484213910438408,5.216849211920657,ok,on_target,0,0,no_data
1235773008590203776,1,6.104630803884641,12.980000000000013,0.0064295575789798,0.6666666666666666,6.836255768620817,,38.812639535780576,RESIDUAL,218.9740038765159,17.630734934709217,False,False,*,unknown,0.7557437452746775,15.870618650768227,ok,on_target,1,1,single_sector_only
1837182671876057472,0,6.088668084128309,7.180000000000006,0.0016386411583947,0.25,0.5158985675368307,,11.809933156562792,RESIDUAL,304.5559314851151,29.20375314568852,False,False,PM*,unknown,0.6031859206873248,12.66690433443382,ok,on_target,2,1,single_sector_artifact
1837182676181120896,0,6.088668084128309,7.180000000000006,0.0016386411583947,0.25,0.5158985675368307,,11.809933156562792,RESIDUAL,304.5563139655562,29.203715236262628,False,False,PM*,unknown,0.6620297450558553,13.902624646172962,ok,on_target,2,1,single_sector_artifact
3291818727004830464,2,5.995025858730374,3.0200000000000022,0.1259024258417964,0.5555555555555556,0.0712468872554872,0.8451197804907411,270.62215949074414,RESIDUAL,76.73056267087883,10.996613415517102,False,False,PM*,unknown,0.1929353649154307,4.051642663224046,ok,on_target,5,1,single_sector_artifact
2624483849765147648,1,5.935961371035002,10.000000000000009,0.0047012572567659,1.0,0.6943786775419503,,33.00691508464517,RESIDUAL,339.2067482061693,-5.718563329237327,False,False,*,unknown,0.9470458576630512,19.887963010924075,ok,on_target,1,1,single_sector_only
3515021992624319872,2,5.911275025258057,12.28000000000001,0.0146079669062703,0.25,0.4519901384255607,,20.206426216729938,RESIDUAL,185.19342087895708,-19.896334155597305,False,False,PM*,unknown,0.6828341351032677,14.339516837168622,ok,on_target,3,1,single_sector_artifact
5850633385855581184,2,5.90682740212586,12.900000000000013,0.0013706023779769,1.0,3.299476570466763,,7.479723180131605,RESIDUAL,208.0183790912596,-67.54110215327127,False,False,PM*,unknown,0.7469115662096549,15.685142890402751,ok,on_target,4,1,single_sector_artifact
4736923833101344896,0,5.796808744314819,0.9600000000000004,0.0006288687755813,0.1891891891891892,0.1574832732043916,0.8882798783663216,9.509573416335067,RESIDUAL,51.18102824548652,-50.77785690339121,False,False,PM*,unknown,0.517172831864485,10.860629469154183,ok,on_target,3,1,single_sector_artifact
1361517384591367552,0,5.7852887765313294,9.420000000000009,0.0011786320970039,0.1666666666666666,0.3075908079195569,,16.838351240228516,RESIDUAL,258.22062504976753,44.60838194003702,False,False,Em*,unknown,0.7607442852161846,15.975629989539875,ok,on_target,9,1,single_sector_artifact
3307057099171975040,2,5.7841699422051365,1.2200000000000006,0.0017090843531242,0.2307692307692307,0.1656097704169694,0.6576401901336963,32.58662598173775,RESIDUAL,65.44859498760307,11.667798693334651,False,False,Em*,unknown,0.2826600822306745,5.935861726844166,ok,on_target,6,2,recurs
3835955314919129728,2,5.753429487766221,9.120000000000008,0.0034127755080746,0.4,0.8223598558901224,,21.85555703275356,RESIDUAL,150.51872645060962,1.4691041752651637,False,False,PM*,unknown,0.5996396087694599,12.592431784158656,ok,on_target,7,1,single_sector_artifact
3454850802182060032,0,5.628336336369766,4.200000000000003,0.0009327076739206,0.1666666666666666,0.3369742689168042,0.377652244671767,8.054319239317962,RESIDUAL,88.63705554535323,34.65599118307765,False,False,PM*,unknown,0.7112772060936269,14.936821327966165,ok,on_target,8,1,single_sector_artifact
2727123401952637312,1,5.54134051011434,12.08000000000001,0.0045040159823872,1.0,4.977603362911816,,34.33730694730582,RESIDUAL,332.7491843787554,10.696684984957503,False,False,PM*,unknown,0.2402618566608713,5.045498989878299,ok,on_target,1,1,single_sector_only
6456423713860176384,0,5.517829077737876,12.20000000000001,0.0017102232617332,0.2857142857142857,0.9656021658649474,,17.585641711864852,RESIDUAL,314.32754020432714,-58.16706063896797,False,False,*,unknown,0.5710224316486573,11.991471064621804,ok,on_target,2,1,single_sector_artifact
4622845924010862080,2,5.517489941105481,11.70000000000001,0.0032374889928841,0.2222222222222222,0.5280817490313884,,19.64656658276136,RESIDUAL,70.4461918550847,-79.1535254519603,False,False,PM*,unknown,0.5301670686875828,11.133508442439238,ok,on_target,24,2,recurs
1281901644545868288,2,5.495968107942024,5.200000000000005,0.0034124552484302,0.2692307692307692,0.0892100894540856,2.7543949657943045,5.620938263666164,RESIDUAL,224.0608072162612,29.468690061983384,False,False,PM*,unknown,0.276734289478342,5.811420079045183,ok,on_target,3,1,single_sector_artifact
6291050220079821056,0,5.3712982671495855,12.68000000000001,0.1076746307854956,1.0,0.0686411537266322,,1078.6845809405936,RESIDUAL,210.6971067235584,-18.83230302802381,False,False,Y*?,unknown,0.3902985194853601,8.196268909192563,ok,on_target,0,0,no_data
302523378773453824,1,5.332608115611766,12.76000000000001,0.0016680198970493,1.0,14.123945571488482,,13.632887696282165,RESIDUAL,27.02977056100783,29.934734185527454,False,False,PM*,unknown,0.675892209600513,14.193736401610773,ok,on_target,1,1,single_sector_only
6361709205264818176,1,5.324173236207442,6.960000000000006,0.0006490828218732,0.0952380952380952,0.0112127636983131,7.226696878586148,5.087742960103017,RESIDUAL,296.13376245823565,-79.75230814050423,False,False,PM*,unknown,0.8052583361209846,16.910425058540678,ok,on_target,5,1,single_sector_artifact
2947317750927588224,2,5.2649999185742855,1.3800000000000008,0.0013541488451263,0.2142857142857142,0.1566307874377785,0.9470802092547452,30.17956964202233,RESIDUAL,101.95163937185652,-15.28158103552546,False,False,*,unknown,0.1938416353992562,4.070674343384382,ok,on_target,3,3,recurs
1279097988677137280,1,5.25560137071163,8.880000000000008,0.000760616083111,0.1538461538461538,0.1943726056565196,,7.847847950740295,RESIDUAL,218.95823462688543,25.13639681108626,False,False,Em*,unknown,0.7714080036643337,16.199568076951007,ok,on_target,4,1,single_sector_artifact
486299119497009536,0,5.250672338734374,12.980000000000013,0.002365228371949,0.4285714285714285,1.041966648538783,,25.95964102614513,RESIDUAL,89.72308112049218,71.71825524752407,False,False,*,unknown,0.9797609936925078,20.574980867542664,ok,on_target,9,1,single_sector_artifact
2940031012491788160,0,5.19762843538339,1.1000000000000003,0.000333625343285,0.2,0.1874139308834071,1.0973519913466891,7.022830812469295,RESIDUAL,96.21813083741422,-19.719610828381985,False,False,*,unknown,0.7170436442598144,15.057916529456104,ok,on_target,2,1,single_sector_artifact
5233695762207849728,1,5.169666369442376,6.620000000000005,0.0017430751570308,0.3571428571428571,0.1028522426993548,1.8292287499161748,7.295683043652326,RESIDUAL,174.10426483440318,-70.1994479515402,False,False,PM*,unknown,0.8971665772468498,18.840498122183845,ok,on_target,4,1,single_sector_artifact
6886428692712237184,2,5.155338512302285,6.7400000000000055,0.0155390083259601,0.5,0.0176278650205324,2.639523878738584,125.50458290498564,RESIDUAL,312.28853862225617,-15.575871926765748,False,False,*,unknown,0.8816197106895876,18.51401392448134,ok,on_target,0,0,no_data
2931013161723952640,2,5.131046771775054,2.0200000000000014,0.001243305246476,0.1,0.2004489890049514,0.3223724349002652,14.72642800113692,RESIDUAL,107.69982181640418,-19.77464849354153,False,False,PM*,unknown,0.4480844369555916,9.409773176067423,ok,on_target,2,2,recurs
1999241103734628608,1,5.075041830416924,0.7600000000000002,0.0013072129039406,0.125,0.1506122708175214,1.1778215056319024,5.681787394323733,RESIDUAL,359.8030032703843,59.10649050464695,False,False,PM*,unknown,0.6654102407678507,13.973615056124864,ok,on_target,8,3,recurs
570906951570444288,2,4.997181055315233,12.60000000000001,0.0024888440883067,0.2222222222222222,0.4085703521528543,,12.957862197647666,RESIDUAL,51.839350261206086,83.24134195438857,False,False,*,unknown,0.577480093812777,12.127081970068316,ok,on_target,10,1,single_sector_artifact
776794214721132800,2,4.984142523203209,6.920000000000005,0.001334976045267,0.1818181818181818,0.0503342957191462,1.3244991613892052,19.407710882826,RESIDUAL,163.58075587916224,41.170243492343815,False,False,Em*,unknown,0.8323590642532754,17.479540349318786,ok,on_target,2,1,single_sector_artifact
3173149777049460224,1,4.982669051974098,7.260000000000006,0.0008372332231039,0.1515151515151515,0.0218557319819408,17.49908620870298,7.134491801543532,RESIDUAL,69.56854424205449,-15.69656484191852,False,False,PM*,unknown,0.9445960418136355,19.83651687808635,ok,on_target,2,1,single_sector_artifact
1867078844006690432,1,4.950019041826126,7.2800000000000065,0.0008291723089607,0.1363636363636363,0.0479463059073963,2.1635577612348342,5.386056461930827,RESIDUAL,317.34446465290665,34.1892822508712,False,False,PM*,unknown,0.8255568922889392,17.336694738067724,ok,on_target,4,1,single_sector_artifact
4254753109235587072,1,4.916376359551494,7.180000000000006,0.0015823994548657,0.1428571428571428,0.1559978264167794,,12.052574353788794,RESIDUAL,285.6942449719816,-3.86765708371408,False,False,*,unknown,0.6299201571258622,13.228323299643106,ok,on_target,1,1,single_sector_only
2677900602839142656,1,4.888445712447569,9.660000000000007,0.0015555038223336,0.2777777777777778,0.3608499815608639,,9.691875153328125,RESIDUAL,334.1758215922987,-0.6935332917134638,False,False,PM*,unknown,0.6188653796640271,12.996172972944567,ok,on_target,3,1,single_sector_artifact
2981594128271675904,1,4.873274339594426,12.86000000000001,0.0010657880164712,0.1538461538461538,0.196772096838952,,13.671312157614151,RESIDUAL,79.09121060901579,-18.512419582880923,False,False,*,unknown,0.4765591097023917,10.007741303750226,ok,on_target,1,1,single_sector_only
6756888798275567872,2,4.822655925968025,12.58000000000001,0.002519607320821,0.1666666666666666,0.2421689292348935,,20.7839281556749,RESIDUAL,284.7023428409604,-32.82151443020119,False,False,*,unknown,0.5229883520227551,10.982755392477856,ok,on_target,2,1,single_sector_artifact
6693689355244732544,1,4.797133578620685,12.58000000000001,0.0011877936406522,0.1428571428571428,0.2099132668256368,,6.370843702582414,RESIDUAL,302.7408354070804,-38.90389471537268,False,False,*,unknown,0.7987923020361672,16.774638342759513,ok,on_target,2,1,single_sector_artifact
4726518501732727936,1,4.76821879394728,10.360000000000008,0.0021887273816594,0.5,0.9418169374216836,,27.64096020320723,RESIDUAL,40.63830153458756,-57.66026635924332,False,False,PM*,unknown,0.5315430497168797,11.162404044054474,ok,on_target,7,1,single_sector_artifact
2295774441937204864,1,4.7664918542835855,11.000000000000009,0.001647732189517,0.5,0.8964184695073836,,12.774407087592454,RESIDUAL,282.2045993607926,80.67424295972235,False,False,PM*,unknown,0.4505327310649011,9.461187352362924,ok,on_target,25,2,recurs
5268351681508184320,2,4.761536500241544,9.500000000000009,0.0014798201196568,0.2,0.1994602596631479,,6.781327816138647,RESIDUAL,107.69919039541762,-69.0838372380393,False,False,PM*,unknown,0.6691087089475116,14.051282887897743,ok,on_target,42,1,single_sector_artifact
3405988677241799040,1,4.7565661640830905,8.040000000000006,0.0009749165537341,0.4285714285714285,0.4925817394750315,,12.220864514810328,RESIDUAL,72.50336213922736,16.4119404233141,False,False,PM*,unknown,0.919177046656822,19.30271797979326,ok,on_target,8,1,single_sector_artifact
1199758333425429120,2,4.725571804883026,2.920000000000002,0.0013184286717278,0.1904761904761904,0.5906895073964634,1.1918330534288792,11.027306005365547,RESIDUAL,241.7673449156175,17.79330804749319,False,False,*,unknown,0.8082328269110471,16.97288936513199,ok,on_target,4,2,recurs
5959151197755701632,1,4.664637695633206,8.560000000000008,0.0004972982870068,0.1304347826086956,0.0916674660863915,1.5466401431921448,6.4962326187009625,RESIDUAL,262.8672909066991,-41.928433562270186,False,False,PM*,unknown,0.9445934480827504,19.83646240973776,ok,on_target,2,1,single_sector_artifact
2185849289485695360,1,4.663823912281301,11.28000000000001,0.0012080158508931,0.25,0.2129432904206769,,12.311933136219702,RESIDUAL,301.94438559794577,55.06372533484477,False,False,*,unknown,0.6837853544050001,14.359492442505005,ok,on_target,12,3,recurs
1809041702545976960,2,4.663664350780169,0.5,0.0015209836439931,0.2222222222222222,0.1598067857966497,2.5628122636930306,5.280498482993265,RESIDUAL,304.42701918873,16.46658152414075,False,False,*,unknown,0.2879919453849546,6.047830853084047,ok,on_target,2,1,single_sector_artifact
4058314529272079488,1,4.63192248959724,12.780000000000012,0.0019599508486497,0.5,0.940575702380882,,13.8766331501673,RESIDUAL,262.9542163053667,-31.105232976939405,False,False,*,unknown,0.9816391065850912,20.614421238286912,ok,on_target,6,1,single_sector_artifact
3296669944105874048,0,4.630711350694387,10.840000000000009,0.0009862066128505,0.1578947368421052,0.225584568666397,,9.19567208804173,RESIDUAL,61.85554929065058,5.355364823004746,False,False,PM*,unknown,0.8173746247991159,17.164867120781434,ok,on_target,2,1,single_sector_artifact
1216421569585576960,1,4.61290690096163,9.100000000000009,0.0014306335062552,0.1875,0.2142661995756886,,9.782075978328438,RESIDUAL,236.2900656641526,21.175733052450333,False,False,*,unknown,0.9700270722429456,20.37056851710186,ok,on_target,3,1,single_sector_artifact
2721552378397507456,2,4.544234786523286,11.62000000000001,0.0010723644384299,0.4,0.1946470963623942,,7.764279262721472,RESIDUAL,331.03693523263746,7.364920115759071,False,False,*,unknown,0.8123991402862465,17.060381946011177,ok,on_target,1,1,single_sector_only
6350425157946324480,2,4.485137408426535,12.780000000000012,0.0016398676705815,0.6,0.9682577180685612,,7.755166729875456,RESIDUAL,347.9344722371705,-82.48309279832434,False,False,PM*,unknown,0.981098667935217,20.60307202663956,ok,on_target,5,1,single_sector_artifact
3015216991987620096,1,4.46256348301212,6.440000000000005,0.0029519204814563,0.3333333333333333,0.6624867218897723,,26.549822216816047,RESIDUAL,84.64593951594618,-8.944664075458471,False,False,*,unknown,0.7716551273417895,16.20475767417758,ok,on_target,3,2,recurs
533122956040102400,0,4.42674317967195,6.780000000000006,0.0004054252852865,0.1666666666666666,0.1560945370639009,0.4755935351140787,6.440246546428531,RESIDUAL,19.4810417334776,69.66192383092493,False,False,PM*,unknown,0.5561399225936411,11.678938374466464,ok,on_target,7,3,recurs
1449395610922504576,0,4.422714818399895,7.200000000000006,0.0011154697763855,0.2105263157894736,0.0275432475734667,1.766992300113389,9.384985905693718,RESIDUAL,200.23897584155247,27.235456239807544,False,False,PM*,unknown,0.9943237590153718,20.88079893932281,ok,on_target,2,1,single_sector_artifact
1472013836417468288,1,4.417594969641474,12.74000000000001,0.0009965497211472,0.1578947368421052,0.2010417645059001,,6.436675894435783,RESIDUAL,204.2023591808216,36.23830330360609,False,False,PM*,unknown,0.4615884185956714,9.6933567905091,ok,on_target,5,1,single_sector_artifact
4584823991590776704,0,4.3770946660093015,6.920000000000005,0.0013954511666887,0.5,0.7043061203854865,,19.282872674847475,RESIDUAL,276.12469884722174,25.52139432938765,False,False,PM*,unknown,0.826928903013583,17.36550696328524,ok,on_target,1,1,single_sector_only
4110652970771689856,1,4.373696782610533,7.020000000000006,0.0351215078540405,1.0,0.625668965892479,1.4697058109523322,3242.959666886816,RESIDUAL,262.9304698810217,-23.571080066811813,False,False,PM*,unknown,0.8666059815734609,18.19872561304268,ok,on_target,0,0,no_data
5863177164238227456,2,4.351736687135731,12.980000000000013,0.009919087688994,0.2307692307692307,0.1807171352699768,,34.540705485043944,RESIDUAL,196.0512038005689,-62.81682896162959,False,False,*,unknown,0.8713212961219174,18.297747218560268,ok,on_target,0,0,no_data
1056449121731762048,1,4.348111578164537,9.90000000000001,0.0015687055197419,0.25,0.8219553395679099,,11.910048344140826,RESIDUAL,170.06974512850476,64.77047143108778,False,False,PM*,unknown,0.9545112608811492,20.04473647850413,ok,on_target,4,1,single_sector_artifact
5355783403066579712,2,4.338304084369831,10.180000000000009,0.0049335280500677,0.4,0.2190115439895558,,49.9800004114892,RESIDUAL,155.33251262666843,-54.06204056013967,False,False,PM*,unknown,0.476148680929268,9.999122299514628,ok,on_target,1,1,single_sector_only
4070314221219360768,2,4.321720326815336,12.980000000000013,0.0251935935392247,0.5,0.7259415480186819,,1213.052851581237,RESIDUAL,269.79864735908,-22.09723514643261,False,False,*,unknown,0.4610358771445515,9.681753420035582,ok,on_target,0,0,no_data
672480419859219200,0,4.31329937529294,6.360000000000005,0.0013481246646011,0.2272727272727272,0.3704129433689703,0.2926814998175623,16.477053683760918,RESIDUAL,113.51055097177296,19.24090185181093,False,False,PM*,unknown,0.9129664285376768,19.17229499929121,ok,on_target,6,1,single_sector_artifact
1320894312595678976,0,4.310962032145732,4.440000000000003,0.0011389565891017,0.24,0.2008236593003781,,5.247743289845015,RESIDUAL,238.087860291672,29.796918893193823,False,False,PM*,unknown,0.8310215241351047,17.451452006837197,ok,on_target,2,1,single_sector_artifact
5948323482136126464,0,4.302671101400152,2.840000000000002,0.0007739180304799,0.1481481481481481,0.2131970747153534,1.0846616853529372,7.240595240245741,RESIDUAL,266.34748655125634,-48.24429628061676,False,False,PM*,unknown,0.8095407594752633,17.000355948980527,ok,on_target,2,1,single_sector_artifact
4100301824694401280,0,4.30246175862955,10.06000000000001,0.0006851892461857,0.4,0.4231918047260187,,9.429413955780072,RESIDUAL,280.8492849252173,-15.712158229401824,False,False,PM*,unknown,0.652198741895262,13.6961735798005,ok,on_target,1,1,single_sector_only
919239485153459072,1,4.276396315785177,6.940000000000006,0.0010580535210797,0.125,0.0498572200973287,1.1262460881834992,14.563707197398983,RESIDUAL,117.98266754433044,37.94000196584344,False,False,PM*,unknown,0.9207765145968928,19.336306806534747,ok,on_target,3,1,single_sector_artifact
211384241473400832,1,4.232805633878535,12.480000000000013,0.004398796924236,0.6666666666666666,0.8340744283327954,,52.3715534636106,RESIDUAL,89.71579499840836,50.29227358238629,False,False,PM*,unknown,0.8241328639799917,17.30679014357983,ok,on_target,3,1,single_sector_artifact
6530566531700652544,0,4.2301760794052665,12.560000000000011,0.0014111571754018,0.75,0.0619297260763445,,26.66357641789522,RESIDUAL,357.9572696833524,-46.31919528314815,False,False,PM*,unknown,0.1959307544706021,4.114545843882646,ok,on_target,3,1,single_sector_artifact
6655004790969650176,0,4.22283838868803,11.70000000000001,0.0007923531518103,0.2222222222222222,0.3872031038149185,,19.307023236219614,RESIDUAL,280.7446160041827,-51.215503826689,False,False,PM*,unknown,0.8425802158304407,17.694184532439255,ok,on_target,2,1,single_sector_artifact
6780311973656466560,1,4.21416186494305,9.140000000000008,0.0007270785489019,0.2222222222222222,0.3282957579822166,,7.6216722449764,RESIDUAL,315.67222822964806,-34.813807460966835,False,False,PM*,unknown,0.9020169366471888,18.942355669590963,ok,on_target,4,2,recurs
5788002626512713728,1,4.211088770939935,10.660000000000007,0.0013764226757219,0.2857142857142857,0.443392235863067,,13.014806571729965,RESIDUAL,193.4214729997658,-78.41382653679152,False,False,*,unknown,0.886705089677665,18.62080688323097,ok,on_target,6,1,single_sector_artifact
5479782647926975360,0,4.206828813792137,12.22000000000001,0.0007305269138293,0.4285714285714285,0.7936838364901292,,19.42985735971212,RESIDUAL,99.95817989963138,-61.47786942622656,False,False,PM*,unknown,0.9700612557493694,20.37128637073676,ok,on_target,39,1,single_sector_artifact
4215133204136508800,0,4.206474658085071,4.660000000000004,0.0008356621898168,0.1923076923076923,0.2312487771778216,0.5696428364827115,5.407552234790054,RESIDUAL,292.24296018102626,-1.2711650879180951,False,False,*,unknown,0.6165211599600532,12.946944359161115,ok,on_target,2,1,single_sector_artifact
622484664070774784,1,4.18983312509686,12.50000000000001,0.0009949794783764,0.2727272727272727,0.4384048919346863,,7.607266432592364,RESIDUAL,153.41282664824453,17.093298820822366,False,False,PM*,unknown,0.8953245885852451,18.801816360290147,ok,on_target,4,1,single_sector_artifact
3036740722378363648,1,4.187958802795159,6.280000000000005,0.0016873395044931,0.1666666666666666,0.2127622582259641,0.2418732685081174,6.201180145911564,RESIDUAL,118.03416349625996,-11.996720998002196,False,False,PM*,unknown,0.8708356561847923,18.28754877988064,ok,on_target,3,3,recurs
2186999481730413952,2,4.184809082843753,12.980000000000013,0.0014267592306358,0.1818181818181818,0.1779669047994072,,10.353800906249784,RESIDUAL,306.7505413826117,56.51676785412392,False,False,*,unknown,0.5412221124616113,11.365664361693838,ok,on_target,12,2,recurs
3435807230726311808,0,4.18126742272287,5.240000000000004,0.0006013040991964,0.217391304347826,0.2693154390949479,0.4324375398425699,9.721671132460688,RESIDUAL,98.25920900362443,30.943673550347143,False,False,PM*,unknown,0.6930337745909328,14.553709266409587,ok,on_target,9,1,single_sector_artifact
5389297582608368000,0,4.177743740379333,1.0400000000000005,0.0004530783082793,0.1176470588235294,0.1976609477201696,1.4938723530467204,6.862847234500897,RESIDUAL,168.5745405405933,-42.0704109067685,False,False,*,unknown,0.76596473887429,16.08525951636009,ok,on_target,4,1,single_sector_artifact
1443749137677744640,2,4.173344211862298,3.5000000000000027,0.000877478598131,0.09375,0.0340228215978754,5.502261056303371,5.748175703696953,RESIDUAL,205.0648010859776,23.439845379452308,False,False,PM*,unknown,0.5351723872983977,11.238620133266352,ok,on_target,2,1,single_sector_artifact
1704859097458170496,1,4.163146891290403,12.66000000000001,0.0015250218049331,0.2727272727272727,0.2566770777562252,,24.373499778805563,RESIDUAL,257.50876565775064,76.85727584874189,False,False,*,unknown,0.9183272996129842,19.284873291872668,ok,on_target,40,3,recurs
3690762090052401280,1,4.150367218379897,11.22000000000001,0.0010868122339875,0.2857142857142857,0.5612943087440887,,11.209843969937396,RESIDUAL,197.25558421320565,0.6557685593130331,False,False,Em*,unknown,0.8505146446533661,17.86080753772069,ok,on_target,3,1,single_sector_artifact
5835965900813713664,0,4.146809084907733,3.0800000000000023,0.0010602304298351,0.1904761904761904,0.1527479815551393,0.4330655391087478,6.557486371096364,RESIDUAL,239.1356986627804,-57.28312446859631,False,False,*,unknown,0.5587823756422964,11.734429888488224,ok,on_target,3,1,single_sector_artifact
6800279654574154880,1,4.114610088286419,10.96000000000001,0.0007712625527334,0.2857142857142857,0.2394245448391885,,15.85994528368496,RESIDUAL,308.5514863085436,-25.6451721249872,False,False,*,unknown,0.7964383678587814,16.72520572503441,ok,on_target,2,1,single_sector_artifact
5914455775207049984,2,4.106568028000104,12.880000000000011,0.000462285585391,0.1666666666666666,0.1901659193957045,,12.812175937111745,RESIDUAL,254.2123472313297,-60.95664351082369,False,False,*,unknown,0.7572831388825036,15.902945916532577,ok,on_target,6,0,single_sector_artifact
1828308998888878720,0,4.103977361170974,12.52000000000001,0.0015991910715339,0.5,0.70344878838718,,9.815505667604684,RESIDUAL,297.0888110497948,23.65141398519105,False,False,*,unknown,0.5623979686891545,11.810357342472244,ok,on_target,1,1,single_sector_only
6488925930412940928,0,4.10196215277289,7.800000000000006,0.0006533623586209,0.2222222222222222,0.7524244129982868,1.7387185382188493,14.24006414803782,RESIDUAL,351.9083388579859,-60.39812343628459,False,False,PM*,unknown,0.3102518450836585,6.51528874675683,ok,on_target,1,1,single_sector_only
1336878669042925184,1,4.0968310571738,12.640000000000011,0.0012740032034861,0.3333333333333333,1.6345442096923697,,8.138340629558444,RESIDUAL,260.2297009198569,35.98940682831283,False,False,Em*,unknown,0.9281527897848056,19.49120858548092,ok,on_target,6,1,single_sector_artifact
6050074658965727360,1,4.094510234143876,6.940000000000006,0.0020603960593962,0.5,0.8341862310304435,,13.47737722934114,RESIDUAL,245.24101637726835,-23.876384403888743,False,False,*,unknown,0.9878295177855956,20.744419873497502,ok,on_target,1,1,single_sector_only
6369463888976583680,1,4.0853979801155,11.980000000000013,0.000841318078453,0.5,0.1526336719807838,,7.019391169252529,RESIDUAL,312.8745729663001,-75.20252764625836,False,False,*,unknown,0.7926660194044016,16.645986407492433,ok,on_target,3,1,single_sector_artifact
1645214027624984192,1,4.078929791621868,12.640000000000011,0.001735148069728,0.5,2.4456238743237426,,10.37455323226478,RESIDUAL,229.19856333654985,66.94190070697394,False,False,*,unknown,0.4508888415792568,9.468665673164391,ok,on_target,19,2,recurs
5530349325139445760,0,4.065893500905848,11.06000000000001,0.0007277687998116,0.1818181818181818,0.1739264791806348,,5.470457318797216,RESIDUAL,129.6974189391469,-36.1301756809293,False,False,PM*,unknown,0.8306355744224719,17.44334706287191,ok,on_target,4,1,single_sector_artifact
6749760325092858752,0,4.059217112452775,12.20000000000001,0.0012894397957925,0.1333333333333333,0.4524317220404547,,30.25318206276915,RESIDUAL,302.10952652979995,-28.8995804365044,False,False,PM*,unknown,0.9492985954392744,19.935270504224764,ok,on_target,2,1,single_sector_artifact
2865207528234756480,1,3.980741300441022,12.66000000000001,0.0014512264772378,0.4,0.8274345541392754,,7.252504654365797,RESIDUAL,354.7564592022306,27.09237801070805,False,False,PM*,unknown,0.5490640625571744,11.530345313700662,ok,on_target,1,1,single_sector_only
1730409887965394304,0,3.973538270361205,12.92000000000001,0.001493912428079,0.3333333333333333,0.2092784128938288,,14.74624020845336,RESIDUAL,316.82615079757693,2.900783319057704,False,False,*,unknown,0.9481814811765724,19.911811104708026,ok,on_target,2,2,recurs
6305011479427892736,1,3.962078647605805,7.040000000000006,0.0011007372595677,0.1666666666666666,0.0332802509304438,1.7537393212282284,3383.5290284398043,RESIDUAL,213.8098447114175,-9.995648789484468,False,False,PM*,unknown,0.2345233708660123,4.92499078818626,ok,on_target,0,0,no_data
1310150675243348736,1,3.935868777069558,12.640000000000011,0.0016069558694684,0.6666666666666666,0.3414988009255687,,10.403638983913348,RESIDUAL,256.4249381856541,31.119337826287328,False,False,PM*,unknown,0.8350790232487159,17.536659488223034,ok,on_target,2,1,single_sector_artifact
1872444426396216832,0,3.9203877543719874,6.200000000000005,0.000808875127632,0.0869565217391304,0.3425079728251916,,10.552236776964756,RESIDUAL,313.31458661317976,37.6909123671965,False,False,PM*,unknown,0.3603097191280463,7.566504101688973,ok,on_target,6,1,single_sector_artifact
6295927245639777792,1,3.917743409758557,7.220000000000006,0.0013894655236182,0.6666666666666666,0.5879019464608443,,14.08059498167615,RESIDUAL,208.48296971153084,-15.338696849919188,False,False,*,unknown,0.4103423722356777,8.617189816949232,ok,on_target,1,1,single_sector_only
2032516895491291136,0,3.9171744091539553,10.840000000000009,0.0016076277983525,0.25,0.5590373266407306,,26.60817785519869,RESIDUAL,294.4464518568686,30.356978147725467,False,False,PM*,unknown,0.8956051139444261,18.80770739283295,ok,on_target,5,1,single_sector_artifact
4592336920180963584,1,3.91100822794701,12.400000000000013,0.0026580778956047,0.3333333333333333,0.728190868779785,,22.601988045530163,RESIDUAL,276.064520994121,32.57328087880441,False,False,*,unknown,0.6828103154990876,14.339016625480838,ok,on_target,5,1,single_sector_artifact
5645803268735731200,0,3.90970709905572,8.560000000000008,0.001218802724891,0.5,0.8018997470195336,,23.422594488833653,RESIDUAL,129.49347040394073,-27.65151595897324,False,False,PM*,unknown,0.2636310133767108,5.536251280910927,ok,on_target,5,1,single_sector_artifact
1409630707752659712,1,3.908352931839425,9.080000000000007,0.0009463703491766,0.15,0.167914865598324,,10.963678997954936,RESIDUAL,246.2454306174064,45.24277731689228,False,False,PM*,unknown,0.2971341009020092,6.239816118942193,ok,on_target,7,2,recurs
5248586826134009088,0,3.9028693934996888,5.0400000000000045,0.0006444637314632,0.1666666666666666,0.2031733548122138,0.3210663676509659,8.029120903333382,RESIDUAL,142.263535632433,-64.78378128974528,False,False,PM*,unknown,0.4244156883027339,8.912729454357413,ok,on_target,7,1,single_sector_artifact
1619951717184551296,1,3.877036930752397,6.800000000000006,0.0012131290710166,0.3636363636363636,0.4548298312485861,,13.157797701837143,RESIDUAL,226.88538858188008,63.558290629544295,False,False,PM*,unknown,0.6357299369188355,13.350328675295543,ok,on_target,14,2,recurs
492035512180920064,0,3.855863818109009,6.680000000000005,0.0010210110337532,0.3055555555555556,0.2051652117079248,0.3370760556484878,12.984525485758258,RESIDUAL,48.05784681697318,65.45600901817488,False,False,PM*,unknown,0.7601798450633673,15.963776746330714,ok,on_target,3,1,single_sector_artifact
4601746162731627264,2,3.851400885908652,12.66000000000001,0.0014901232943719,0.3,0.3414494071154434,,7.748461353994283,RESIDUAL,264.1802962373455,32.91816978810468,False,False,*,unknown,0.5302357459984439,11.134950665967322,ok,on_target,6,1,single_sector_artifact
3138785949873306368,0,3.849860865385273,12.880000000000011,0.0005942369614817,0.1764705882352941,0.2956464869438606,,8.066029498776723,RESIDUAL,114.66469403044246,5.986210591685455,False,False,PM*,unknown,0.7820977001924051,16.424051704040508,ok,on_target,2,1,single_sector_artifact
2961858448607803264,2,3.820133033264079,12.980000000000013,0.0018592325493935,0.2857142857142857,0.24839137962011,,14.836107711103782,RESIDUAL,81.33572281288463,-22.20335764048756,False,False,*,unknown,0.820277034526015,17.225817725046316,ok,on_target,3,1,single_sector_artifact
3147061389780322432,0,3.817248525073996,12.06000000000001,0.0010212329307268,0.2857142857142857,0.6967308308084217,,14.53830396861444,RESIDUAL,120.35018838960524,9.48439056565115,False,False,PM*,unknown,0.8425196320010409,17.692912272021857,ok,on_target,8,1,single_sector_artifact
3854667009959173888,0,3.8098062001260695,12.68000000000001,0.0012961175934558,0.2105263157894736,0.3483856926621867,,7.918762086828621,RESIDUAL,146.92980592765588,8.016725139433316,False,False,*,unknown,0.8608689426920187,18.078247796532395,ok,on_target,4,1,single_sector_artifact
2173362135942684800,2,3.793579769691696,7.140000000000006,0.0441934648061177,0.6666666666666666,2.66921574642607,0.2592862649251647,17.70429120050069,RESIDUAL,324.0218934522925,52.80959280220242,False,False,*,unknown,0.8322751080510234,17.477777269071492,ok,on_target,0,0,no_data
5693981497449050496,1,3.76121659620496,12.980000000000013,0.0030930069913603,0.2941176470588235,0.5042025554700955,,12.001537944355553,RESIDUAL,121.47331445838678,-27.60478367689413,False,False,*,unknown,0.9625940915200284,20.2144759219206,ok,on_target,3,1,single_sector_artifact
4706213957941043072,2,3.755007219686088,10.180000000000009,0.0043895523878952,0.6,0.9731798494830388,,51.135124836576914,RESIDUAL,18.314664707545177,-64.19307057092647,False,False,PM*,unknown,0.9120930683016548,19.15395443433476,ok,on_target,8,3,recurs
275680692169815424,0,3.740637280229096,11.60000000000001,0.0010585625221577,0.1739130434782608,0.297665324251518,,9.55238558201879,RESIDUAL,65.24828465460882,54.663788727354266,False,False,PM*,unknown,0.5857694012136656,12.301157425486975,ok,on_target,2,1,single_sector_artifact
773208020108584704,2,3.733585842295305,7.580000000000006,0.0018548845916731,0.125,0.1509402242418182,,11.143202063116622,RESIDUAL,179.7525292876383,45.572995092572384,False,False,PM*,unknown,0.2719098236270054,5.7101062961671145,ok,on_target,3,1,single_sector_artifact
2116305144665376896,1,3.7256561782619126,12.640000000000011,0.0011979460104559,0.4,0.446460063583378,,6.510945699792573,RESIDUAL,272.9905767022223,46.23311995667211,False,False,PM*,unknown,0.7819102055948747,16.420114317492366,ok,on_target,11,3,recurs
1737577054511123840,0,3.689618617159199,12.02000000000001,0.0007062258404865,0.4,0.3354434626053159,,11.724751549048143,RESIDUAL,312.7788705293983,7.025419077854437,False,False,,unknown,0.4787532610185214,10.05381848138895,ok,on_target,2,1,single_sector_artifact
1832334551456614016,0,3.66543820217992,10.98000000000001,0.0012226952212281,0.2941176470588235,0.247192812506126,,7.745838221223831,RESIDUAL,304.9188597916323,25.093425804686927,False,False,PM*,unknown,0.8182966562754423,17.18422978178429,ok,on_target,5,1,single_sector_artifact
1655673200703613312,1,3.66067044868251,11.06000000000001,0.0009483055220862,0.25,0.2115180422153323,,18.07033859120644,RESIDUAL,264.2288304097092,74.34020809995025,False,False,*,unknown,0.5626210714147294,11.815042499709318,ok,on_target,37,3,recurs
5911885804215928704,2,3.6566427627556415,11.980000000000013,0.0300020131292135,0.2352941176470588,0.2730674666425391,,20.422250067949,RESIDUAL,266.812217254847,-60.25408855050363,False,False,PM*,unknown,0.5390369545210375,11.319776044941788,ok,on_target,0,0,no_data
6044263568218538112,0,3.650980308556589,4.720000000000004,0.0007664448061894,0.1578947368421052,0.2016259221032608,0.657013880170578,9.78759869642626,RESIDUAL,247.6889334490366,-28.33741600154363,False,False,PM*,unknown,0.3040973469104832,6.386044285120148,ok,on_target,2,1,single_sector_artifact
1694205963656109056,1,3.648862173825017,9.940000000000008,0.0011963208566753,0.1818181818181818,0.2481367378983441,,12.13565856872006,RESIDUAL,226.4074623129652,68.96983276677011,False,False,*,unknown,0.5757843974655339,12.09147234677621,ok,on_target,16,1,single_sector_artifact
3318883274444631296,2,3.6370562036462415,12.22000000000001,0.001067122578869,0.375,0.4603040059946903,,44.96213139478191,RESIDUAL,92.39989537467548,5.669110315691509,False,False,PM*,unknown,0.5383068165708487,11.304443147987822,ok,on_target,1,1,single_sector_only
1263985102569989504,1,3.623789608059886,9.120000000000008,0.0014531948972309,0.2307692307692307,0.59664715215397,,14.069939466937512,RESIDUAL,229.812673739763,24.32704836886067,False,False,Em*,unknown,0.957841619782767,20.11467401543811,ok,on_target,3,1,single_sector_artifact
6044263568218536832,0,3.603223626943,8.700000000000006,0.0021199940312957,0.3333333333333333,0.1896344332933074,,12.85602317949461,RESIDUAL,247.6923953821284,-28.3376701678319,False,False,PM*,unknown,0.5056816293802415,10.619314216985073,ok,on_target,1,1,single_sector_only
447217425365776128,0,3.5938254075816403,7.120000000000006,0.0006237211990273,0.1764705882352941,0.1588227104378254,,7.8454114546100175,RESIDUAL,46.99929252076279,54.39377371471187,False,False,PM*,unknown,0.9931749794905468,20.85667456930149,ok,on_target,2,1,single_sector_artifact
1097259454301733760,2,3.5857994657323804,4.400000000000004,0.0009505917361368,0.1111111111111111,0.0603669732626418,9.961687498453395,5.946678558343244,RESIDUAL,126.40720839793504,69.01343358903611,False,False,PM*,unknown,0.6409389176507307,13.459717270665346,ok,on_target,7,1,single_sector_artifact
5958089340088225280,1,3.578624106650373,12.58000000000001,0.0015976384548768,0.1428571428571428,0.217843012310627,,8.020695344038018,RESIDUAL,266.6269870236879,-40.02837395884301,False,False,PM*,unknown,0.4135104391775006,8.683719222727513,ok,on_target,1,1,single_sector_only
5609826011321373952,0,3.548195487000298,5.960000000000004,0.0007240059063653,0.2272727272727272,0.1737220921311579,0.2856855795567506,8.067336801269077,RESIDUAL,108.3334489421308,-28.14907570807836,False,False,PM*,unknown,0.3292043367594683,6.9132910719488345,ok,on_target,4,1,single_sector_artifact
5243355040569225344,2,3.5479722017207664,7.180000000000006,0.0025635123592886,0.75,0.1043513087778576,,15.98007405221168,RESIDUAL,146.16088810214512,-70.31320254665214,False,False,PM*,unknown,0.941074136128056,19.762556858689177,ok,on_target,9,1,single_sector_artifact
2214506135918084864,0,3.546390382067086,4.180000000000003,0.0007852860362516,0.1666666666666666,0.2010920645972682,0.4887315651152312,7.373159393184382,RESIDUAL,357.0199621374247,69.54911425694878,False,False,PM*,unknown,0.246749428815382,5.181738005123023,ok,on_target,6,2,recurs
6234447503220279168,2,3.5221189953693384,8.940000000000008,0.0014273527513088,0.4,0.8086415261030863,,16.8324462140596,RESIDUAL,234.2643014708236,-27.24711365623092,False,False,PM*,unknown,0.430545003314994,9.041445069614872,ok,on_target,3,1,single_sector_artifact
2758809540359442176,2,3.4969948694647446,9.220000000000008,0.033292084981026,0.4,0.7517310745555512,,366.0716659704052,RESIDUAL,356.3030894242288,8.235900690880303,False,False,PM*,unknown,0.8601840709826905,18.0638654906365,ok,on_target,0,0,no_data
6369586278365017600,0,3.4844012488440006,7.120000000000006,0.0012297382724044,0.8,0.9884726950666772,,8.577626085730719,RESIDUAL,306.6997715461312,-75.39725315987089,False,False,PM*,unknown,0.275387281179089,5.783132904760869,ok,on_target,1,1,single_sector_only
5943615957473067776,0,3.4711486033436505,8.580000000000007,0.0016749719721664,0.1363636363636363,0.1614469632072823,,6.391076407581803,RESIDUAL,249.6125368615492,-43.68929058779509,False,False,*,unknown,0.7202580781906812,15.125419642004305,ok,on_target,2,1,single_sector_artifact
3850859538631169152,0,3.4678559475233426,4.980000000000004,0.0007827973602201,0.0833333333333333,0.2158162212916096,0.2979463223486623,7.597381261041174,RESIDUAL,142.71138481541757,3.037137720874789,False,False,PM*,unknown,0.7641644337867094,16.047453109520898,ok,on_target,6,1,single_sector_artifact
3145405353470115712,1,3.467845733261834,3.4200000000000026,0.0009777291640296,0.217391304347826,0.2289551534821714,1.674027986254831,11.940143942028008,RESIDUAL,119.18023256485117,8.478659727541473,False,False,Em*,unknown,0.7797406290747039,16.37455321056878,ok,on_target,4,1,single_sector_artifact
6877704171026478592,1,3.4542577003297947,11.28000000000001,0.0010880295751884,0.0952380952380952,0.1840791778540734,,16.369473296969932,RESIDUAL,303.1410329772436,-14.934767821325988,False,False,PM*,unknown,0.7470332721789149,15.687698715757213,ok,on_target,1,1,single_sector_only
1790660002728890752,1,3.453649392714638,7.680000000000007,0.0015066338638998,0.1428571428571428,0.3284357278507571,,7.543473547340936,RESIDUAL,320.8846094958905,21.41980914291489,False,False,PM*,unknown,0.9190885909891572,19.3008604107723,ok,on_target,2,1,single_sector_artifact
5159783566918127744,2,3.4472526923693017,12.54000000000001,0.0114593828518354,0.2941176470588235,0.3150508138383013,,10.271227581488082,RESIDUAL,46.10129530351704,-11.83370461491698,False,False,PM*,unknown,0.9194709072034044,19.30888905127149,ok,on_target,2,1,single_sector_artifact
211878093995379456,0,3.4399500969490133,12.08000000000001,0.006935551212811,0.6666666666666666,3.958133086096599,,42.16693656695643,RESIDUAL,80.45949058824331,46.7818538571815,False,False,PM*,unknown,0.6647159130725003,13.959034174522507,ok,on_target,3,0,single_sector_artifact
3027498777397111296,2,3.432947687257423,5.560000000000004,0.0028373510257294,0.1739130434782608,0.2995850878607222,0.3873587355526442,9.3477995963915,RESIDUAL,113.379155240252,-16.297670593516834,False,False,PM*,unknown,0.745801405123361,15.661829507590582,ok,on_target,3,2,recurs
4925423385013989632,1,3.4319238528452938,12.940000000000012,0.0009826229488737,0.1764705882352941,0.162944391287368,,8.50691220391728,RESIDUAL,12.894057889226213,-51.366962416475126,False,False,PM*,unknown,0.9720533466288328,20.413120279205486,ok,on_target,2,1,single_sector_artifact
4161262013469575040,1,3.430788295398313,7.620000000000006,0.0007034864012369,0.2307692307692307,0.3347450917469725,,6.764880278648952,RESIDUAL,275.1582261445,-5.497661122277139,False,False,PM*,unknown,0.3598677343873853,7.557222422135091,ok,on_target,1,1,single_sector_only
2555905080453468800,1,3.4299250670896178,12.940000000000012,0.00119211656017,0.4285714285714285,0.2914891679902467,,9.857823180187076,RESIDUAL,11.269118512905528,5.552786485062314,False,False,PM*,unknown,0.7376234277783905,15.4900919833462,ok,on_target,1,1,single_sector_only
2555905080453468544,1,3.4299250670896178,12.940000000000012,0.00119211656017,0.4285714285714285,0.2914891679902467,,9.857823180187076,RESIDUAL,11.268143648855162,5.554967511748071,False,False,PM*,unknown,0.572565357533156,12.023872508196275,ok,on_target,1,1,single_sector_only
5955510920937310720,0,3.4265439756581704,6.840000000000005,0.0013011053832688,0.1904761904761904,0.6064523082393798,,10.331390565097715,RESIDUAL,266.58145977452205,-44.05606868069026,False,False,*,unknown,0.6787853462328063,14.254492270888932,ok,on_target,2,1,single_sector_artifact
777991685963168640,0,3.420484015327027,11.04000000000001,0.0013872010127673,0.25,0.2759725213791147,,12.301192833787562,RESIDUAL,168.2702827123424,43.205247909453625,False,False,PM*,unknown,0.64431563033272,13.53062823698712,ok,on_target,0,0,no_data
2390484140169912192,1,3.4095140053566086,7.180000000000006,0.0015863578553036,0.16,0.1738877308705376,0.3481813799456572,8.752403383618388,RESIDUAL,356.65047087570446,-19.47796170396364,False,False,PM*,unknown,0.5904013758736077,12.398428893345764,ok,on_target,3,1,single_sector_artifact
3446456310079661824,0,3.409065616134701,11.66000000000001,0.0016650257628256,0.125,0.1564002369546829,,8.448247309658365,RESIDUAL,79.69332327831567,29.18218152374275,False,False,*,unknown,0.9967955408401836,20.93270635764385,ok,on_target,6,1,single_sector_artifact
1130966598159076224,1,3.407239057779249,4.860000000000004,0.0010259605489961,0.2857142857142857,0.0260916146615671,3.938248903671359,15.465312456191796,RESIDUAL,150.12702774709203,76.84169134876372,False,False,*,unknown,0.9608833165839156,20.17854964826223,ok,on_target,8,1,single_sector_artifact
5693844505167538048,0,3.396162992752552,12.52000000000001,0.0015679078630632,0.1627906976744186,0.164372110919334,,7.190811687660216,RESIDUAL,123.01244766631248,-27.503376593869955,False,False,PM*,unknown,0.7267469428672868,15.261685800213025,ok,on_target,4,2,recurs
5840899821706778752,1,3.3642618708568914,10.680000000000009,0.0014138623107076,0.5,0.245359058021169,,14.21749573594613,RESIDUAL,202.6294177937436,-71.25233610617597,False,False,PM*,unknown,0.7795108598248086,16.36972805632098,ok,on_target,7,1,single_sector_artifact
6132646951418630528,0,3.3579076537932644,6.280000000000005,0.0009465690780546,0.1538461538461538,0.271931438052596,,8.69218714111328,RESIDUAL,190.97096536053408,-44.614780174439794,False,False,PM*,unknown,0.3798499612748559,7.976849186771973,ok,on_target,3,1,single_sector_artifact
2614583091154390272,2,3.3437324357432536,9.360000000000008,0.0044035316299393,0.75,0.5949562892930336,,29.997442757319565,RESIDUAL,334.90525922659725,-10.63192455287593,False,False,*,unknown,0.9103112027641443,19.11653525804704,ok,on_target,1,1,single_sector_only
1807748646825010176,0,3.336383703249474,11.68000000000001,0.0011947134909453,0.1764705882352941,0.3130055845427206,,13.789203042060205,RESIDUAL,301.0850892016372,15.366387552678672,False,False,PM*,unknown,0.972483871214848,20.42216129551181,ok,on_target,2,1,single_sector_artifact
4050279607538971648,2,3.3360505232806545,12.60000000000001,0.0810417252363552,0.3,0.4043416980178698,,38.06634340693373,RESIDUAL,270.7620910014347,-29.43191538371962,False,False,PM*,unknown,0.2552889046720235,5.361066998112494,ok,on_target,0,0,no_data
3757813779447839616,2,3.3330058830381826,8.280000000000006,0.0017381945071563,0.3333333333333333,1.0690177161469003,,12.257114102791489,RESIDUAL,163.32166556765685,-10.981416467736498,False,False,PM*,unknown,0.9692780413639084,20.35483886864208,ok,on_target,3,1,single_sector_artifact
3115335458498813696,0,3.3303047845626668,11.78000000000001,0.0014837701883287,0.2142857142857142,0.4867339980062985,,12.845771174850876,RESIDUAL,108.15262984947368,3.129501788241129,False,False,PM*,unknown,0.8681081958468787,18.23027211278445,ok,on_target,2,1,single_sector_artifact
2073595405782092160,0,3.3218835386827514,9.840000000000009,0.0012817539699312,0.1935483870967742,0.1912548057759749,,10.510460070181017,RESIDUAL,298.74973432392807,40.35505390267367,False,False,PM*,unknown,0.8476832346858701,17.801347928403274,ok,on_target,6,2,recurs
460732897173581312,0,3.3161472674932115,12.300000000000011,0.0010414439251693,0.1666666666666666,0.4760245774656931,,8.724878624914183,RESIDUAL,43.62218565084461,57.52073477514509,False,False,PM*,unknown,0.686967754457699,14.42632284361168,ok,on_target,2,1,single_sector_artifact
4180847854588584832,2,3.3123073650712187,6.720000000000006,0.0503329687960971,0.5,0.2509737815969871,,193.1718749263585,RESIDUAL,290.1763194567288,-16.773791259050057,False,False,PM*,unknown,0.7574706153364249,15.906882922064923,ok,on_target,0,0,no_data
3894318972669834624,0,3.3076493495286114,12.76000000000001,0.000639427961336,0.2222222222222222,0.597765783699083,,11.897521188285118,RESIDUAL,183.5137498706847,4.995100226067519,False,False,PM*,unknown,0.742200429294291,15.58620901518011,ok,on_target,2,1,single_sector_artifact
3029104889006582528,0,3.294768630492079,5.160000000000004,0.0004609022117403,0.2592592592592592,0.1852987834781628,0.3197451533659945,7.591312806593515,RESIDUAL,115.59817857697728,-15.38844540206573,False,False,PM*,unknown,0.788106422849133,16.550234879831795,ok,on_target,3,1,single_sector_artifact
3151266025323039488,2,3.284646014850428,4.900000000000004,0.0033825433797791,0.2142857142857142,0.8029222748943962,,28.390935039942416,RESIDUAL,119.76432741157276,12.35783201691928,False,False,Em*,unknown,0.7719097571022804,16.210104899147886,ok,on_target,7,2,recurs
624007315876121728,0,3.275350907433597,12.04000000000001,0.0012006466863729,0.1923076923076923,0.3339193065634298,,12.132693796289788,RESIDUAL,155.58444613518554,18.53441404365769,False,False,PM*,unknown,0.5767359131371631,12.111454175880423,ok,on_target,5,1,single_sector_artifact
4466839281459537280,1,3.265183436715936,0.7000000000000002,0.0006135953008699,0.1724137931034483,0.1606244481463065,2.150413342258618,8.071291393790267,RESIDUAL,245.4668202798636,17.19898094817306,False,False,*,unknown,0.8777037605300358,18.43177897113076,ok,on_target,5,2,recurs
5906960988554916352,0,3.264071387787244,4.760000000000003,0.0004650813024894,0.2666666666666666,0.178125296901504,0.3646132798229841,5.2112678179786895,RESIDUAL,225.31213304740305,-45.51852951367216,False,False,PM*,unknown,0.877665052575249,18.430966104080227,ok,on_target,3,1,single_sector_artifact
2172447342257875328,0,3.258685430178684,7.460000000000006,0.0009479163964216,0.15,0.3978231596284327,,9.35494083731858,RESIDUAL,321.5734967444796,51.65371417103662,False,False,PM*,unknown,0.8586875560952285,18.0324386779998,ok,on_target,8,1,single_sector_artifact
6506368582876701696,2,3.2552417557224333,11.76000000000001,0.0012084244743769,0.3125,0.2109704700743642,,11.196242607743455,RESIDUAL,341.9328814097123,-54.49634245255977,False,False,*,unknown,0.9961803342986224,20.91978702027107,ok,on_target,4,1,single_sector_artifact
2851183463579825280,1,3.24874366392144,7.500000000000006,0.0008542752287596,0.125,0.1531299633669305,,5.2536572959423,RESIDUAL,356.294571574072,23.513625739015428,False,False,PM*,unknown,0.6273980429565653,13.175358902087872,ok,on_target,1,1,single_sector_only
2181962275369347968,0,3.2420270336245043,12.940000000000012,0.0007089554553643,0.1034482758620689,0.1648044156047213,,8.485477322580978,RESIDUAL,307.7060629197757,53.75544686836954,False,False,X,unknown,0.3919968658798456,8.231934183476758,ok,on_target,9,1,single_sector_artifact
6355646665651225344,2,3.240983914671676,5.020000000000004,0.0008508751931459,0.2,0.0870514601519616,2.041027966644166,9.935061328538492,RESIDUAL,330.6673948432092,-77.51942029947693,False,False,*,unknown,0.2234129277864963,4.691671483516423,ok,on_target,3,1,single_sector_artifact
596820928806100480,0,3.234824962674351,11.76000000000001,0.0016867225120875,0.3636363636363636,0.2913511751538185,,20.444262262859407,RESIDUAL,131.53242170336213,7.806276769062307,False,False,PM*,unknown,0.4164076690942082,8.744561050978373,ok,on_target,6,1,single_sector_artifact
278669164773848576,0,3.2265556035194094,10.080000000000007,0.0006075640966582,0.25,0.1913926021377725,,9.139938486588022,RESIDUAL,69.98946553546376,57.62375172364464,False,False,*,unknown,0.7356082306415378,15.447772843472292,ok,on_target,2,1,single_sector_artifact
5789551082485300864,0,3.21946366285858,9.580000000000007,0.0006612903857543,0.2777777777777778,0.1582601942038685,,5.888854185575757,RESIDUAL,207.3493787700238,-76.97351768883817,False,False,PM*,unknown,0.814512920797322,17.10477133674376,ok,on_target,6,1,single_sector_artifact
3902471778374756352,1,3.2064620944910054,10.260000000000009,0.0019667734599826,0.4,0.829729348273499,,15.869065207247433,RESIDUAL,187.96914723524284,7.956506281881637,False,False,Em*,unknown,0.9461535839270804,19.869225262468685,ok,on_target,2,1,single_sector_artifact
1943592827385671680,1,3.1899325005899897,10.780000000000008,0.0011350398423557,0.2,0.6029807750784909,,17.579178497920093,RESIDUAL,353.6787147246588,49.23412031938375,False,False,PM*,unknown,0.7225026594533471,15.17255584852029,ok,on_target,1,1,single_sector_only
5565812217258865408,0,3.1868489940304667,11.46000000000001,0.0011027432493182,0.1875,0.2347348051489842,,7.002391889487881,RESIDUAL,105.79981382006343,-37.72360146548351,False,False,*,unknown,0.8349331486973008,17.533596122643317,ok,on_target,5,1,single_sector_artifact
4967805916131739904,2,3.1863244369766224,12.74000000000001,0.0013835622972862,0.3333333333333333,0.1535363842952666,,7.576746066933918,RESIDUAL,30.396861952088862,-37.2655029474894,False,False,PM*,unknown,0.5605794861193742,11.77216920850686,ok,on_target,2,1,single_sector_artifact
669541047321018240,1,3.183719238938269,10.54000000000001,0.0029297900162565,0.2105263157894736,0.1933111452867229,,14.376739509357876,RESIDUAL,123.23927608940934,19.332195823032496,False,False,*,unknown,0.577208953911312,12.121388032137553,ok,on_target,4,1,single_sector_artifact
6649812416029081344,2,3.181718493003609,10.940000000000008,0.0190399448479581,0.4444444444444444,0.3571649147751698,,23.881973722381023,RESIDUAL,280.8513864256141,-55.77608133940929,False,False,PM*,unknown,0.9873615427243,20.734592397210303,ok,on_target,0,0,no_data
2148367522206880256,1,3.165629384678945,12.720000000000011,0.0007224816965287,0.2307692307692307,0.157216080328698,,6.214303404715812,RESIDUAL,277.03505067775274,52.33179096480925,False,False,*,unknown,0.639252126927691,13.42429466548151,ok,on_target,17,1,single_sector_artifact
3455424545391076992,2,3.159650965298788,3.5400000000000027,0.0016078306126028,0.2222222222222222,0.1673020768207854,0.5027721761006282,11.97460767058122,RESIDUAL,86.18138512592621,34.72723553655045,False,False,*,unknown,0.4850986414738668,10.187071470951205,ok,on_target,7,1,single_sector_artifact
512058237400513664,0,3.1564960708871355,4.260000000000003,0.0004424335376794,0.1,0.1786797978745002,2.435661782050526,6.272632591453977,RESIDUAL,26.707004660241985,63.38741920228915,False,False,PM*,unknown,0.5185828909224309,10.89024070937105,ok,on_target,5,1,single_sector_artifact
4038279846866741760,1,3.11715178032372,10.64000000000001,0.0017652051681478,0.25,0.3804178017943769,,29.526593142980136,RESIDUAL,274.67461785148134,-35.55918008066168,False,False,PM*,unknown,0.3724255550670521,7.820936656408095,ok,on_target,1,1,single_sector_only
3082626400620619264,0,3.116804662332748,10.780000000000008,0.0018053031548515,0.1851851851851851,0.2348494415586113,,13.93239127356926,RESIDUAL,118.3081479975794,-0.6988960407473586,False,False,*,unknown,0.9211561719903834,19.34427961179805,ok,on_target,3,1,single_sector_artifact
4571079649562719488,0,3.110549948593817,6.7400000000000055,0.0002138837868201,0.1379310344827586,0.0081354090063092,2.04439554232618,5.543754975148134,RESIDUAL,261.8935826937995,26.796171147589263,False,False,PM*,unknown,0.995302472553645,20.901351923626542,ok,on_target,5,1,single_sector_artifact
538788120980691456,0,3.109745053329943,10.98000000000001,0.0015563194010732,0.25,0.4733437571262049,,27.59940510503139,RESIDUAL,16.811886203349196,74.5372146403858,False,False,PM*,unknown,0.9229420916272764,19.3817839241728,ok,on_target,7,1,single_sector_artifact
1637709517168157440,0,3.1017636875555685,8.660000000000007,0.0007494077676287,0.2142857142857142,0.153440601170519,,15.36863386359602,RESIDUAL,263.97309503652366,68.53071409301444,False,False,*,unknown,0.8332091373507922,17.497391884366635,ok,on_target,33,1,single_sector_artifact
2630545461664620288,0,3.0869142750249075,9.200000000000008,0.0021513716542417,0.4285714285714285,0.7723724051662632,,24.309621557546887,RESIDUAL,348.65521159954227,-8.078623404450763,False,False,PM*,unknown,0.8323337379122492,17.47900849615723,ok,on_target,2,1,single_sector_artifact
4316214125587568896,0,3.0861579706405022,7.120000000000006,0.0004724504844582,0.4285714285714285,0.1438228515145978,4.80430401769948,11.374740905392043,RESIDUAL,292.0639077583364,12.53572406222346,False,False,PM*,unknown,0.7935912941156733,16.665417176429138,ok,on_target,1,1,single_sector_only
6805679940292068096,1,3.0658665235224305,7.560000000000006,0.0009007739220339,0.1428571428571428,0.2415159751595031,,10.57359900531934,RESIDUAL,314.6287684291892,-24.821996247733072,False,False,*,unknown,0.804006467581367,16.884135819208705,ok,on_target,2,1,single_sector_artifact
5640505271958673664,1,3.050994042799574,5.100000000000004,0.0019429800664362,0.1481481481481481,0.1658862247886813,0.5859771564340593,12.903232933423014,RESIDUAL,128.69993076942916,-31.602527180794887,False,False,*,unknown,0.5072401205868671,10.65204253232421,ok,on_target,5,1,single_sector_artifact
5990887192150320640,1,3.0394168768049656,11.44000000000001,0.0014664934589454,0.4,0.4681968822802433,,18.55041430771009,RESIDUAL,244.29714969058216,-43.95462919710411,False,False,PM*,unknown,0.2983176861029341,6.264671408161616,ok,on_target,3,1,single_sector_artifact
806844142388328960,1,3.0041124565068174,10.840000000000009,0.0024895298974075,0.1818181818181818,0.5490493347267568,,48.40466762639015,RESIDUAL,150.38628347769284,41.59432959557242,False,False,*,unknown,0.1928340814756408,4.049515710988459,ok,on_target,2,1,single_sector_artifact
2871363556399444736,0,2.992491793595887,11.080000000000007,0.00101144683772,0.6,0.9206392065583272,,8.454500413574793,RESIDUAL,354.01358416261604,31.199914557327755,False,False,PM*,unknown,0.8829015507415351,18.54093256557224,ok,on_target,1,1,single_sector_only
5071048752308919936,2,2.991535661295585,11.580000000000007,0.0015499070922386,0.4,0.5551125619469082,,13.15918068367399,RESIDUAL,39.4732035932136,-24.71649127118157,False,False,PM*,unknown,0.8920526710979607,18.73310609305717,ok,on_target,3,1,single_sector_artifact
4713212899207567360,2,2.99117022749768,12.22000000000001,0.0018530160534778,0.1818181818181818,0.9180073672404993,,17.78977495399953,RESIDUAL,32.45909788380349,-61.98868802431426,False,False,*,unknown,0.8885128208996264,18.65876923889215,ok,on_target,5,2,recurs
5596460485421729536,1,2.987751029710997,12.22000000000001,0.0057157842034372,0.1764705882352941,0.4078929711288156,,27.00928882419204,RESIDUAL,123.03648785743722,-30.087820676991107,False,False,PM*,unknown,0.9130322818202812,19.173677918225906,ok,on_target,4,1,single_sector_artifact
4520838668340362112,0,2.9832145608296248,12.18000000000001,0.0005895979732764,0.2222222222222222,0.2594867367762821,,13.252777056938736,RESIDUAL,285.1304099049627,22.264382235171084,False,False,PM*,unknown,0.710562287760666,14.921808042973986,ok,on_target,5,1,single_sector_artifact
1991103549456421504,0,2.981341421698087,3.480000000000002,0.0005359314411632,0.2,0.4623521794385523,0.2991601085207128,9.28033325681702,RESIDUAL,348.4183905072346,50.42263825545172,False,False,PM*,unknown,0.0446936410640831,0.9385664623457456,ok,on_target,5,3,recurs
1480169773153906688,1,2.977514420115189,1.8000000000000012,0.0011976197837958,0.1304347826086956,0.5145522962491789,1.0268387255285267,11.78261049816951,RESIDUAL,218.69885549539407,35.569189744115405,False,False,Em*,unknown,0.928702388133783,19.502750150809444,ok,on_target,2,1,single_sector_artifact
3357700428652349312,0,2.976393418161269,4.760000000000003,0.0004937723610383,0.1290322580645161,0.0614784671897672,0.660144493552888,8.063142971828857,RESIDUAL,101.8883143138305,16.012494593758962,False,False,PM*,unknown,0.6957224334886347,14.61017110326133,ok,on_target,6,1,single_sector_artifact
6619460874280273536,2,2.966985040894888,10.72000000000001,0.0747834774364886,0.6666666666666666,0.5067696716440327,,260.1961454325498,RESIDUAL,329.89702662666537,-27.62799931909604,False,False,*,unknown,0.6906802845463026,14.504285975472357,ok,on_target,0,0,no_data
6703413844099729408,0,2.9662933280050217,12.04000000000001,0.0007453821956342,0.1333333333333333,0.1985921776612805,,9.742183197599362,RESIDUAL,274.0071345614811,-49.594557395145486,False,False,PM*,unknown,0.8214263020797001,17.2499523436737,ok,on_target,2,1,single_sector_artifact
4903786336207800704,0,2.963469169758471,10.72000000000001,0.0052920741749854,1.0,1.7053944818527145,,306.3191799185692,RESIDUAL,12.971100039890583,-59.345000946608224,False,False,PM*,unknown,0.2379956715127523,4.9979091017678,ok,on_target,0,0,no_data
6861311582229165824,0,2.9616282919700727,12.980000000000013,0.0013468078179992,0.3333333333333333,0.1543971744366999,,393.35873461538654,RESIDUAL,309.0838111323729,-18.94090052185234,False,False,PM*,unknown,0.3460088571726036,7.266186000624677,ok,on_target,0,0,no_data
572305083684672768,0,2.959872587784393,12.640000000000011,0.000430205158726,0.6666666666666666,1.4896456700671834,,6.6886461796394245,RESIDUAL,23.682374845579176,82.84944654430801,False,False,PM*,unknown,0.9050864524510684,19.00681550147244,ok,on_target,9,1,single_sector_artifact
2359218393163305600,0,2.9447118651471893,11.80000000000001,0.0008824514621054,0.6666666666666666,2.373218183722555,,14.923099119670043,RESIDUAL,15.888106169835194,-16.577802442383188,False,False,*,unknown,0.9336335895821732,19.60630538122564,ok,on_target,3,1,single_sector_artifact
429622318752751104,0,2.9438694377636927,2.960000000000002,0.0017172010778381,0.2142857142857142,0.3280303256021424,0.9432421546966124,10.04558649976029,RESIDUAL,2.672749935425992,61.20969790154096,False,False,PM*,unknown,0.7327597893496776,15.387955576343227,ok,on_target,8,1,single_sector_artifact
1918807601910759424,2,2.9419168174147003,9.90000000000001,0.0634683301855636,0.2,0.1892995328876069,,12.41797584297644,RESIDUAL,355.0132789927568,37.648301789129775,False,False,PM*,unknown,0.98206937577528,20.62345689128088,ok,on_target,0,0,no_data
1496976598656622848,0,2.921481686823529,11.14000000000001,0.0017529274957962,0.3333333333333333,0.7872463223616749,,18.636802146385705,RESIDUAL,207.49829530093928,39.40372842255771,False,False,*,unknown,0.644779180866635,13.540362798199334,ok,on_target,3,1,single_sector_artifact
577543088357940480,2,2.9187168660700458,10.500000000000009,0.0023333775640952,0.1875,0.197738531239774,,11.434074568116795,RESIDUAL,136.05812796166654,3.0334748089574712,False,False,PM*,unknown,0.8979039682152785,18.85598333252085,ok,on_target,3,1,single_sector_artifact
2500156645469404800,2,2.9128124208976094,9.160000000000007,0.0067258624688919,0.6,0.694549891417628,,62.00864484828514,RESIDUAL,37.42449079103724,-0.508039464940768,False,False,Em*,unknown,0.713381533569494,14.981012204959374,ok,on_target,2,1,single_sector_artifact
3067207880345261312,2,2.888465800537117,9.400000000000007,0.0185587392975002,0.4444444444444444,0.1876268411205381,,10.309479991229871,RESIDUAL,121.74160742727052,-5.746700623882832,False,False,*,unknown,0.3732629210421531,7.838521341885216,ok,on_target,0,0,no_data
4276624250897321984,0,2.8778963366840093,9.800000000000008,0.0011771983161776,0.3333333333333333,0.1704145725952185,,30.950840020078207,RESIDUAL,275.57212608966074,1.7069819071506869,False,False,PM*,unknown,0.9354682934667954,19.644834162802702,ok,on_target,1,1,single_sector_only
6666179333798782976,2,2.874740058395409,6.820000000000006,0.0013425038382707,0.1428571428571428,0.0245097672944688,1.2044696789064615,20.238498069376345,RESIDUAL,301.89878976994504,-51.750890722683664,False,False,*,unknown,0.6011978116790794,12.625154045260668,ok,on_target,3,1,single_sector_artifact
6505789758724163584,0,2.866684448750387,5.000000000000004,0.0006136561176609,0.2857142857142857,0.1714213281026257,,6.674147646496599,RESIDUAL,341.41636499027896,-55.87405496223728,False,False,*,unknown,0.7900226043168795,16.59047469065447,ok,on_target,2,1,single_sector_artifact
1451361159756447616,1,2.850091527108265,8.660000000000007,0.0007248569274703,0.1578947368421052,0.2626181757699307,,9.31204025744199,RESIDUAL,206.2240846521838,26.446953734665016,False,False,*,unknown,0.6599357955145219,13.85865170580496,ok,on_target,2,1,single_sector_artifact
865215599798724224,1,2.8469526940818746,6.600000000000005,0.0016075377427731,0.2941176470588235,0.2203442057151995,0.4434046184964086,11.675070142396317,RESIDUAL,112.01080084932674,21.51440594364308,False,False,PM*,unknown,0.4550950882487598,9.556996853223955,ok,on_target,3,2,recurs
439989545163840896,1,2.8356562397701635,4.840000000000003,0.0023480744061311,0.15,0.0964635818419618,0.6401218574584054,16.058272987457112,RESIDUAL,46.54594383460456,51.10138450702826,False,False,PM*,unknown,0.8912163217034478,18.715542755772404,ok,on_target,2,1,single_sector_artifact
6021307655242706688,0,2.822919292737906,11.38000000000001,0.0010213629333251,0.1363636363636363,0.4333198819908556,,13.949060320006572,RESIDUAL,250.36511836428724,-32.95078583671212,False,False,PM*,unknown,0.3962558387844291,8.321372614473013,ok,on_target,2,1,single_sector_artifact
2205564014009834880,0,2.81907459908049,4.600000000000003,0.0003996472296874,0.1739130434782608,0.2417949540140138,0.6257664592713718,8.102267089740685,RESIDUAL,338.84152381598847,64.38157267353593,False,False,PM*,unknown,0.7795323500121661,16.37017935025549,ok,on_target,8,2,recurs
243131677655531264,0,2.8133319378847563,4.920000000000004,0.0013546847568814,0.1538461538461538,0.0459596448567348,0.5287682635422067,11.31559083969726,RESIDUAL,50.95334035348386,47.29629530958349,False,False,PM*,unknown,0.394417927468399,8.28277647683638,ok,on_target,2,1,single_sector_artifact
1831084372372330496,0,2.805793177968772,4.520000000000003,0.001522124195035,0.1,0.3294664531342447,,7.970625249234593,RESIDUAL,305.3473345825957,23.254657082407768,False,False,PM*,unknown,0.1703426347322194,3.5771953293766083,ok,on_target,5,1,single_sector_artifact
441620979895171840,2,2.804505917485188,3.740000000000003,0.0065179690448278,0.3333333333333333,0.4167061579559234,0.5442939696199546,11.203935185382816,RESIDUAL,52.46486968375175,50.161609960802735,False,False,PM*,unknown,0.7881562165411679,16.551280547364524,ok,on_target,0,0,no_data
3362889474998445696,1,2.8019814292891243,9.380000000000008,0.0027601012865274,0.2285714285714285,0.2705678129602509,,30.061064519867475,RESIDUAL,110.50410716596122,19.59124098437866,False,False,*,unknown,0.5469679878364114,11.48632774456464,ok,on_target,6,1,single_sector_artifact
2395082091638751104,2,2.800855549868192,12.880000000000011,0.0087905281364221,0.4,0.7464335788861881,,84.94423421231592,RESIDUAL,352.5304026381585,-17.282782449536985,False,False,PM*,unknown,0.8907795671154565,18.706370909424585,ok,on_target,2,1,single_sector_artifact
2522608020074089728,0,2.77883144147309,3.720000000000003,0.0006525254468017,0.1538461538461538,0.1546988572015929,0.3934630417583497,6.848653174120288,RESIDUAL,12.813943662757772,-7.942633536835801,False,False,PM*,unknown,0.8777118567297849,18.431948991325484,ok,on_target,3,1,single_sector_artifact
5042833703392688768,1,2.7678720081444013,12.16000000000001,0.0015599090211232,0.2857142857142857,2.491996500734344,,11.788354595817538,RESIDUAL,24.31249056832704,-21.160984043254988,False,False,PM*,unknown,0.9970143723968352,20.937301820333538,ok,on_target,1,1,single_sector_only
469486109244322176,0,2.764016826883973,10.340000000000009,0.0005861645010305,0.4,0.8633595107523481,,13.743513951923395,RESIDUAL,63.88659964766191,58.5213088806728,False,False,PM*,unknown,0.9615956212372082,20.19350804598137,ok,on_target,4,1,single_sector_artifact
6137458586100540544,2,2.755890068451751,7.380000000000006,0.0012012054548533,0.3333333333333333,0.309842527733049,,16.2298415713774,RESIDUAL,199.2829138210296,-42.0863155621653,False,False,PM*,unknown,0.6979911084784279,14.657813278046987,ok,on_target,3,1,single_sector_artifact
4783467191097210752,2,2.754543868452892,3.0200000000000022,0.0064314181827843,0.6,0.3302180122635168,0.4296266015716623,9.025280659671015,RESIDUAL,74.93476187211165,-52.10677598072368,False,False,PM*,unknown,0.1466335626296093,3.0793048152217963,ok,on_target,9,5,recurs
3365325889687901568,0,2.749644736468864,8.480000000000008,0.0013456936381075,0.15,0.375070839494356,,16.244919991201325,RESIDUAL,102.91486875245472,18.468926789894883,False,False,*,unknown,0.6765841438961807,14.208267021819797,ok,on_target,5,2,recurs
1973871041158735104,0,2.722041763427668,5.360000000000005,0.0007156686030802,0.2,0.2069288280301366,0.7279379573688716,8.81951436929027,RESIDUAL,326.1016752392185,44.67720213724808,False,False,PM*,unknown,0.2465542533064136,5.177639319434687,ok,on_target,3,2,recurs
3381652056810420224,1,2.716981315076566,12.800000000000011,0.0013688611726271,0.25,0.7194794223679997,,11.061309183318182,RESIDUAL,104.3938881216572,24.934614328388,False,False,PM*,unknown,0.78680636716442,16.52293371045282,ok,on_target,5,1,single_sector_artifact
6878898515534130944,1,2.7144527022471543,6.780000000000006,0.0010214888676451,0.1428571428571428,0.2097341410660032,,7.529043252206058,RESIDUAL,301.2727923385156,-13.448384735505018,False,False,PM*,unknown,0.6795248439272344,14.270021722471924,ok,on_target,1,1,single_sector_only
1599865907488131456,2,2.714362528222212,12.780000000000012,0.0063032348871511,0.1538461538461538,0.2816777915075139,,13.115222912808504,RESIDUAL,230.1576709857242,55.328403557242055,False,False,*,unknown,0.940976445704938,19.76050535980369,ok,on_target,0,0,no_data
5349873871644463360,0,2.7130940818663407,9.580000000000007,0.000817623593496,0.1739130434782608,0.1897699390015529,,9.425955726778485,RESIDUAL,169.27787114734213,-50.10842002614406,False,False,PM*,unknown,0.4553434190427609,9.56221179989798,ok,on_target,5,1,single_sector_artifact
3585205366015070080,0,2.7027433546325663,9.700000000000008,0.0006196359336116,0.3076923076923077,0.2806010429191206,,6.567565655451475,RESIDUAL,173.70878545149586,-13.242328852995048,False,False,PM*,unknown,0.8182017508672442,17.182236768212128,ok,on_target,2,1,single_sector_artifact
3494463427287687040,0,2.6975467551003023,4.3800000000000034,0.0010975878925747,0.3,0.583753914419609,1.3614875471476933,9.011184107015035,RESIDUAL,180.26555232531024,-20.66500696058145,False,False,*,unknown,0.4395720489238992,9.231013027401884,ok,on_target,3,1,single_sector_artifact
2610242150528839936,1,2.696268322202563,6.260000000000005,0.0013863461533665,0.25,0.2086706063702204,,7.822761481973397,RESIDUAL,342.22193390102626,-8.138987660351367,False,False,*,unknown,0.5517089591174895,11.58588814146728,ok,on_target,1,1,single_sector_only
6829065208288881664,2,2.6946047940704947,12.780000000000012,0.0028837421499761,0.3076923076923077,0.2884551963773532,,1256.886021705531,RESIDUAL,319.46193593163946,-21.319516529256088,False,False,*,unknown,0.2105649791647239,4.421864562459203,ok,on_target,0,0,no_data
4307731255942390784,0,2.6876214149581448,11.38000000000001,0.0018840169998415,0.375,0.7614567546097121,,18.1089476274234,RESIDUAL,290.141507528126,7.623481483707484,False,False,*,unknown,0.8400093335166233,17.64019600384909,ok,on_target,2,1,single_sector_artifact
447318580436388864,0,2.676029135769753,11.96000000000001,0.0025140401481076,0.1,0.5033341634927793,,14.939638001312614,RESIDUAL,46.16405147651684,54.30065008563002,False,False,PM*,unknown,0.940898056483256,19.758859186148378,ok,on_target,2,1,single_sector_artifact
837000447802046720,2,2.661849066856829,10.620000000000008,0.0028671472803565,0.3333333333333333,0.3293088910660621,,29.26342984332245,RESIDUAL,161.36363970467863,51.96581392333703,False,False,PM*,unknown,0.172830256434824,3.6294353851313046,ok,on_target,3,1,single_sector_artifact
2911556581910897664,2,2.65376599256761,11.70000000000001,0.0029839582939934,0.25,0.2065935986433224,,20.987768552934472,RESIDUAL,90.03305888149568,-24.94911319494762,False,False,*,unknown,0.7339503606064348,15.412957572735133,ok,on_target,2,1,single_sector_artifact
4846466733467661184,0,2.642616687897512,7.8600000000000065,0.0011739651806117,0.4,1.0373048805747644,,20.2323539033584,RESIDUAL,52.70515391455445,-45.93262341003912,False,False,PM*,unknown,0.8926806576077494,18.746293809762737,ok,on_target,5,1,single_sector_artifact
360206988586266240,2,2.63623075946211,6.500000000000005,0.0098696687010984,0.175,0.2425901217909908,0.4302982729235131,16.176187697543426,RESIDUAL,30.48763842928037,53.62170122959068,False,False,PM*,unknown,0.6563955063058862,13.78430563242361,ok,on_target,1,1,single_sector_only
5013144415542297088,0,2.61439914572448,10.660000000000007,0.0008901042408739,0.2857142857142857,0.1742420591375985,,9.132041111767991,RESIDUAL,20.648753926984263,-36.64994046157747,False,False,*,unknown,0.9297386018751654,19.52451063937848,ok,on_target,1,1,single_sector_only
4128287281790453376,2,2.5981573612413325,12.92000000000001,0.0123568143600554,0.5,0.2320805043031791,,669.6959939560686,RESIDUAL,258.0172098475887,-19.527406796127988,False,False,PM*,unknown,0.6186060682210779,12.990727432642636,ok,on_target,0,0,no_data
6644785998619077760,1,2.595290275494984,6.840000000000005,0.0012999234603473,0.4285714285714285,0.008612767927237,1.6836206503736897,24.38652619930924,RESIDUAL,288.4722571971613,-53.33071680535641,False,False,PM*,unknown,0.867528275906922,18.21809379404536,ok,on_target,3,1,single_sector_artifact
4293219931506525952,1,2.5679427988739847,6.860000000000006,0.0029617215008912,0.3846153846153846,0.2669109538724147,,14.54224586649126,RESIDUAL,288.75274657302924,4.475877850894967,False,False,*,unknown,0.5251578575258804,11.028315008043489,ok,on_target,2,1,single_sector_artifact
262337530155462272,0,2.5607079715743217,9.860000000000008,0.0008880949654941,0.1818181818181818,0.2232721933536618,,12.199316647764345,RESIDUAL,76.95070168381329,49.88134647832218,False,False,*,unknown,0.8221718429719342,17.26560870241062,ok,on_target,3,1,single_sector_artifact
5038835020120386944,1,2.527989839283008,11.70000000000001,0.0010145112307079,0.4,0.4739024784851691,,8.241759775731275,RESIDUAL,24.060380686136742,-24.35727214606233,False,False,PM*,unknown,0.8889960066931469,18.668916140556085,ok,on_target,2,1,single_sector_artifact
6007745076206726400,2,2.518246263288676,12.640000000000011,0.0010949600538032,0.2857142857142857,0.3213055975468678,,14.470828756282929,RESIDUAL,230.3324306936536,-36.46417718902502,False,False,PM*,unknown,0.612926012355218,12.871446259459578,ok,on_target,1,1,single_sector_only
2211667368695552896,2,2.517480773949142,5.840000000000005,0.001432555819032,0.1153846153846153,0.2756559543681983,0.3789981222892468,6.593987017111706,RESIDUAL,341.0211304751889,65.36237754250602,False,False,PM*,unknown,0.7147748068244425,15.010270943313293,ok,on_target,8,1,single_sector_artifact
6755963185586376576,2,2.510605066187859,12.66000000000001,0.0020218445752095,0.25,0.6511270591867362,,25.557040618798645,RESIDUAL,288.3548161879922,-34.12518812802506,False,False,*,unknown,0.2819662283547343,5.92129079544942,ok,on_target,3,1,single_sector_artifact
5345260664459863296,2,2.5082488576940944,12.52000000000001,0.0025036546970289,0.2857142857142857,0.6180361470451062,,19.998998501242315,RESIDUAL,176.02930137830518,-53.53043930735477,False,False,PM*,unknown,0.1361226755410843,2.8585761863627708,ok,on_target,4,2,recurs
3413174741644826112,0,2.48186231815492,10.760000000000009,0.0003690841584266,0.25,0.3896450303579746,,21.77890534799176,RESIDUAL,73.27041649189599,22.234576125318625,False,False,PM*,unknown,0.3745281028013443,7.86509015882823,ok,on_target,4,1,single_sector_artifact
6721432232656218752,0,2.4747747038036554,10.88000000000001,0.0004531267733089,0.5714285714285714,0.4885669242929832,,23.80169573944917,RESIDUAL,273.0899537734526,-43.446703359293736,False,False,,unknown,0.827478847343695,17.377055794217597,ok,on_target,3,1,single_sector_artifact
4138130724031899776,1,2.4692979539079163,12.54000000000001,0.0018825710582673,0.2307692307692307,0.4257586529080517,,2573.06301312738,RESIDUAL,259.9755435546007,-14.026404074501874,False,False,PM*,unknown,0.8314376742979083,17.460191160256073,ok,on_target,0,0,no_data
5191672771380473344,2,2.4643090811229458,12.28000000000001,0.0011717566537725,0.1428571428571428,0.1974300258524077,,15.258723294948195,RESIDUAL,153.7279373720347,-84.59636534723988,False,False,PM*,unknown,0.6879052463823163,14.446010174028643,ok,on_target,7,1,single_sector_artifact
6781782742258288256,1,2.4633115151068306,10.200000000000008,0.0014873956443095,0.1666666666666666,0.4557972703776711,,28.09152616524941,RESIDUAL,313.98710070145114,-31.88570705251276,False,False,PM*,unknown,0.2111034936400258,4.433173366440543,ok,on_target,3,1,single_sector_artifact
5998485504689146880,0,2.4485922403656555,11.580000000000007,0.0012378532011818,0.217391304347826,0.2452162802093663,,11.78354719854076,RESIDUAL,242.6078038739328,-36.89572589100228,False,False,PM*,unknown,0.598491513238275,12.568321778003774,ok,on_target,3,1,single_sector_artifact
5353178178984497024,1,2.43724195189258,12.900000000000013,0.0018528485271323,0.3333333333333333,1.2837064802182132,,17.60099953269427,RESIDUAL,163.36877649938816,-55.01700548059199,False,False,*,unknown,0.8737638747237915,18.34904136919962,ok,on_target,8,1,single_sector_artifact
137182118724228736,2,2.4335736861065143,7.040000000000006,0.0043393311863084,0.25,0.1235187752897293,2.2933162564421568,26.697786614285928,RESIDUAL,43.95045508894132,34.47241884458245,False,False,PM*,unknown,0.946480352142233,19.876087394986893,ok,on_target,1,1,single_sector_only
1260210543575180544,2,2.4251877117589906,10.88000000000001,0.0013698022284081,0.5,0.6440185063394266,,20.086154805678373,RESIDUAL,212.26420946834887,27.28262239832152,False,False,Em*,unknown,0.6626034970740706,13.914673438555482,ok,on_target,2,1,single_sector_artifact
6004256909931771136,2,2.407990805023408,12.400000000000013,0.002444562215806,0.6666666666666666,1.228961737867113,,69.37466954193654,RESIDUAL,228.49413752840096,-41.45946029397242,False,False,PM*,unknown,0.7574723305367176,15.90691894127107,ok,on_target,2,2,recurs
4309454362443032064,1,2.400357605442393,12.54000000000001,0.0041789896448194,0.4,1.175744106952684,,30.42619614034508,RESIDUAL,289.3563669846341,10.02864146402365,False,False,*,unknown,0.2327871427949649,4.888529998694264,ok,on_target,3,2,recurs
6868535549722190208,2,2.396327736826422,12.620000000000012,0.0027958271863284,0.15,0.1766021400074903,,277.37295542878513,RESIDUAL,295.1872508631946,-19.869093722488618,False,False,*,unknown,0.4995672345000043,10.490911924500091,ok,on_target,0,0,no_data
2170134691346551424,0,2.3940337972973995,10.140000000000008,0.0015766538954533,0.1395348837209302,0.2494087426428896,,10.370884918380344,RESIDUAL,312.77537006261167,52.238493357183565,False,False,PM*,unknown,0.6937158942644794,14.568033779554067,ok,on_target,7,2,recurs
1296195914181685376,2,2.3835936594492826,11.000000000000009,0.0020560105147494,0.3333333333333333,0.5645404311637614,,21.177349550609584,RESIDUAL,222.90109783914008,38.1127436222275,False,False,PM*,unknown,0.6465090335143628,13.57668970380162,ok,on_target,4,1,single_sector_artifact
2470272812780609280,0,2.382471960584524,11.260000000000009,0.0004966689316127,0.2,0.1511245998914999,,9.707012172521926,RESIDUAL,20.134955655159803,-11.46831072996997,False,False,PM*,unknown,0.8792056475856056,18.46331859929772,ok,on_target,2,1,single_sector_artifact
4295625736004371200,0,2.3586835648331848,6.960000000000006,0.0080316836497322,0.6666666666666666,1.793915594592614,,28.49131866467253,RESIDUAL,290.7622694464181,6.9651640159283295,False,False,PM*,unknown,0.6921028214084436,14.534159249577316,ok,on_target,2,1,single_sector_artifact
4212819969102986240,2,2.347528233265511,6.960000000000006,0.0425675980057185,0.6666666666666666,1.506228784011918,,81.95099695545987,RESIDUAL,290.1539561721856,-3.3436237716267705,False,False,PM*,unknown,0.9205063385068532,19.33063310864392,ok,on_target,1,1,single_sector_only
5809196434701651840,2,2.34608535804403,6.800000000000006,0.000742450868636,0.1818181818181818,0.0573057514417589,2.6560276801818388,7.422698113954866,RESIDUAL,249.79043626285787,-68.38618152466351,False,False,*,unknown,0.3632898241543488,7.629086307241325,ok,on_target,4,1,single_sector_artifact
1532727047435757184,2,2.3448817092095555,7.460000000000006,0.0062141073112575,0.1111111111111111,0.2493469091780916,,10.610286852935513,RESIDUAL,182.9663178393422,38.77467465369997,False,False,PM*,unknown,0.9655723337575016,20.277019008907537,ok,on_target,1,1,single_sector_only
4262018201007618048,0,2.33869277456214,8.720000000000008,0.0018188060213917,0.1666666666666666,0.1763191916686669,,10.806576826382708,RESIDUAL,285.9494517753668,-1.6067110991532831,False,False,PM*,unknown,0.7382162299170231,15.502540828257484,ok,on_target,2,1,single_sector_artifact
5843122587538897920,0,2.333784980966612,6.820000000000006,0.0012316636372473,0.1515151515151515,0.1548321174856861,1.52005650482829,8.405945496995692,RESIDUAL,192.05180756300345,-70.64541925146457,False,False,PM*,unknown,0.7169086115231957,15.05508084198711,ok,on_target,5,2,recurs
3618810628950468736,0,2.3320823364447665,7.060000000000006,0.0009392508539382,0.0909090909090909,0.0855512825392611,2.231565757437115,1070.755698060733,RESIDUAL,208.77833820012225,-8.622553657684328,False,False,PM*,unknown,0.4949913181201855,10.394817680523897,ok,on_target,0,0,no_data
3943232534138172672,1,2.3293873310280846,12.76000000000001,0.0016867156135587,0.5,1.0730913789158576,,23.355321253946933,RESIDUAL,196.56388745169696,20.72966994150692,False,False,PM*,unknown,0.925858148402319,19.443021116448698,ok,on_target,2,1,single_sector_artifact
288861019085346816,1,2.3281435261131325,12.940000000000012,0.0007641065315957,0.2,0.2364955130747938,,8.566559081296841,RESIDUAL,24.16593154736344,21.563112054192263,False,False,PM*,unknown,0.9023141927651817,18.948598048068813,ok,on_target,6,2,recurs
4194085940222767488,2,2.321867090632928,6.960000000000006,0.0561192732439973,1.0,0.4232766594980942,,100.1024155795683,RESIDUAL,294.02829532986885,-10.030520137226048,False,False,,unknown,0.9649427047121656,20.26379679895548,ok,on_target,1,1,single_sector_only
4294221316060442368,1,2.311554144189977,7.000000000000005,0.0046403728884854,0.75,0.6014751861476924,,18.20480142866216,RESIDUAL,292.9488162299504,5.254912253974967,False,False,*,unknown,0.889950100457638,18.6889521096104,ok,on_target,2,1,single_sector_artifact
6857801911049835264,0,2.3095635459214603,12.70000000000001,0.001770837593096,0.5,0.4762966378806077,,131.00038067221155,RESIDUAL,313.456689508226,-18.789723988241967,False,False,PM*,unknown,0.686135828357935,14.408852395516634,ok,on_target,0,0,no_data
200575522480908672,0,2.3056796277096785,6.6600000000000055,0.0024276660563383,0.2307692307692307,0.4908974947242753,1.1219046847877463,19.38655528561629,RESIDUAL,76.4581040310952,39.9000507659189,False,False,PM*,unknown,0.6995583654574197,14.690725674605812,ok,on_target,3,1,single_sector_artifact
5615925139763813248,2,2.2953468201437395,9.200000000000008,0.0050293998511156,0.15625,0.2873265725055812,,12.722607875935134,RESIDUAL,114.9896109360682,-22.79236497148189,False,False,PM*,unknown,0.8927152874654615,18.74702103677469,ok,on_target,2,2,recurs
6794090469261131904,2,2.2815994357641176,11.76000000000001,0.002269151868152,0.4,0.2090486953116403,,21.20759172584995,RESIDUAL,311.16502488430945,-31.040942782907983,False,False,PM*,unknown,0.2114015408831048,4.439432358545202,ok,on_target,1,1,single_sector_only
5703533981439044480,1,2.2710178930988065,3.480000000000002,0.0018622169269096,0.2727272727272727,0.610364531635188,0.3226998780998795,9.542387426302776,RESIDUAL,128.57044502002435,-21.160163134342707,False,False,*,unknown,0.9220931981914838,19.36395716202116,ok,on_target,3,1,single_sector_artifact
5318298371602727168,0,2.27050951492418,11.70000000000001,0.0022258077795062,0.44,0.1521842514162625,,26.565863261654176,RESIDUAL,131.2427377577419,-53.43182727666413,False,False,PM*,unknown,0.7373433514415657,15.48421038027288,ok,on_target,5,1,single_sector_artifact
4640883279120077568,2,2.205760884170596,10.88000000000001,0.0025110489806529,0.3333333333333333,0.2033855411338515,,10.973043206424018,RESIDUAL,46.28462861361805,-72.95750157922383,False,False,*,unknown,0.770557477410897,16.181707025628835,ok,on_target,11,2,recurs
3702063489038157312,0,2.145449887003545,4.900000000000004,0.0006169437256106,0.1578947368421052,0.2318147674203362,1.0569377807326032,19.499712986951383,RESIDUAL,190.8764861689561,0.8127958141190025,False,False,PM*,unknown,0.728516906595866,15.298855038513183,ok,on_target,1,1,single_sector_only
6490761943032665344,2,2.1267498073220312,10.660000000000007,0.0608688302248061,1.0,0.4678256041242728,,190.57788510407173,RESIDUAL,347.15019661760834,-59.73559272361256,False,False,X,unknown,0.5151078090981813,10.817263991061807,ok,on_target,0,0,no_data
2397839799944785536,2,2.117271678956784,10.620000000000008,0.0015894773091122,0.75,1.414756417586399,,22.871387739958315,RESIDUAL,343.3482945957899,-20.667759712976608,False,False,PM*,unknown,0.8985328809185289,18.869190499289108,ok,on_target,3,1,single_sector_artifact
3263889413671996672,1,2.0944181615680884,6.820000000000006,0.001694909792365,0.6666666666666666,0.2871245221307305,,16.038024311345055,RESIDUAL,55.48038830270303,0.5418395027102901,False,False,PM*,unknown,0.8718451389791418,18.308747918561977,ok,on_target,2,1,single_sector_artifact
1742494177886212608,1,2.08832147986232,7.220000000000006,0.0007496403910511,0.1363636363636363,0.1554077293097972,,5.348718645691488,RESIDUAL,323.85183065081463,10.519105641114663,False,False,*,unknown,0.8017794952709101,16.837369400689113,ok,on_target,1,1,single_sector_only
3893883462986146944,0,2.075526200620021,12.08000000000001,0.0013428624437853,0.5,0.740527183897284,,22.198082576448822,RESIDUAL,182.54811561829945,4.306428042773113,False,False,PM*,unknown,0.5360622300605817,11.257306831272215,ok,on_target,1,1,single_sector_only
4135329683801539840,2,2.065910767111068,12.900000000000013,0.0068392772487699,0.3076923076923077,0.3143815635741133,,166.11768444843855,RESIDUAL,260.41364347830256,-16.51314174534733,False,False,PM*,unknown,0.7625812331419682,16.014205895981334,ok,on_target,0,0,no_data
1645525739170967936,1,2.0343150692948253,10.580000000000007,0.0010206122217336,0.2307692307692307,0.4131219195677165,,11.194967478854144,RESIDUAL,230.2521884285736,66.83127895227793,False,False,*,unknown,0.4987788176940669,10.474355171575406,ok,on_target,20,1,single_sector_artifact
2094226779384668544,2,2.023428389860696,11.40000000000001,0.0014033224415583,0.2857142857142857,0.6882300525616686,,16.88572092048501,RESIDUAL,278.63810664712923,33.37777721268575,False,False,*,unknown,0.7417226557403784,15.576175770547946,ok,on_target,7,1,single_sector_artifact
4087466984887340288,2,1.9728792029595408,11.96000000000001,0.0024855105147019,0.1,0.3257639164415593,,2125.2198879869347,RESIDUAL,286.8658166835049,-17.792593735618514,False,False,*,unknown,0.8795362537408372,18.47026132855758,ok,on_target,0,0,no_data
6782379330396615424,1,1.972181485563628,10.760000000000009,0.0019702424029082,0.1666666666666666,0.1888295213421511,,24.39561271845396,RESIDUAL,314.7273289827688,-30.577448498257056,False,False,*,unknown,0.2959771080621377,6.215519269304891,ok,on_target,3,1,single_sector_artifact
6060993565374897152,2,1.9202983552507764,3.820000000000003,0.0012775280586939,0.1388888888888889,0.156794133140259,0.1873022330577093,5.449583007182859,RESIDUAL,191.76985750586817,-56.900463134315245,False,False,*,unknown,0.513537864566798,10.784295155902758,ok,on_target,4,1,single_sector_artifact
4149401989526382720,2,1.9186255824792504,12.960000000000012,0.0619457108872028,0.6666666666666666,22.30761493935658,,1036.6255899754651,RESIDUAL,266.19423285556644,-14.021847952932204,False,False,*,unknown,0.323529980359025,6.794129587539525,ok,on_target,0,0,no_data
6805776211983950080,0,1.9130274199945425,12.460000000000012,0.0078579003732235,0.6,0.6109624952840074,,398.9028743371266,RESIDUAL,314.2657404505433,-24.200481262046,False,False,PM*,unknown,0.350546482299791,7.361476128295611,ok,on_target,0,0,no_data
6805776216277879808,0,1.9130274199945425,12.460000000000012,0.0078579003732235,0.6,0.6109624952840074,,398.9028743371266,RESIDUAL,314.26510021456505,-24.200853586857125,False,False,PM*,unknown,0.4594270701077467,9.64796847226268,ok,on_target,0,0,no_data
1193470020267003264,2,1.722749632715242,6.360000000000005,0.0045084694328125,0.6,0.7717249312805905,,26.47323603324544,RESIDUAL,233.6901105838232,12.409422111232498,False,False,PM*,unknown,0.9205689493971994,19.331947937341187,ok,on_target,1,1,single_sector_only
5684158185671293312,2,1.651318082482741,4.860000000000004,0.0041538986694922,0.125,0.2134571824871969,0.4773279574669253,12.828385755506286,RESIDUAL,148.16123926467336,-17.483265930303414,False,False,PM*,unknown,0.6759545935033163,14.195046463569645,ok,on_target,2,2,recurs
5663679231848426496,2,1.5697986057887487,11.52000000000001,0.1063895488888215,0.5,2.598565361669421,,115.2260437695579,RESIDUAL,145.70645565046115,-22.96450559392317,False,False,PM*,unknown,0.4272708330607819,8.97268749427642,ok,on_target,0,0,no_data
4420541355073279360,1,1.5524368546614509,6.400000000000006,0.002515531894135,0.08,0.1525191844682812,,16.89710952341143,RESIDUAL,231.6195685716661,1.5061607219025337,False,False,PM*,unknown,0.9101743327847934,19.11366098848066,ok,on_target,1,1,single_sector_only
2638216857371313664,1,1.4910558116623052,6.480000000000006,0.0041439724855503,0.6,0.3873365718595005,,30.339229010596217,RESIDUAL,347.40497988821795,-2.432216947057708,False,False,PM*,unknown,0.8535511379748665,17.924573897472197,ok,on_target,2,1,single_sector_artifact
2070269864129830400,1,1.4769659639131132,8.660000000000007,0.0015660232622377,0.1153846153846153,0.1831071057329508,,17.315833194250576,RESIDUAL,309.65163547070745,44.64113446453332,False,False,PM*,unknown,0.8557782773829835,17.971343825042652,ok,on_target,8,2,recurs
2070269864129829888,1,1.4769659639131132,8.660000000000007,0.0015660232622377,0.1153846153846153,0.1831071057329508,,17.315833194250576,RESIDUAL,309.6513008385854,44.63841483547333,False,False,PM*,unknown,0.251614482096134,5.283904124018815,ok,on_target,8,2,recurs
6266717654097749760,2,1.443211749159271,6.400000000000006,0.0039885900302354,0.6666666666666666,0.9451888893211496,,24.69147266683899,RESIDUAL,233.22704625217875,-12.51253478882388,False,False,PM*,unknown,0.5963662200907283,12.523690621905294,ok,on_target,1,1,single_sector_only
4414182329573955968,0,1.4062679642679068,6.420000000000005,0.0016416239780087,0.5,0.372363788199692,,18.551897378946787,RESIDUAL,231.5320385194718,-2.9710264386695995,False,False,PM*,unknown,0.8542343699319856,17.9389217685717,ok,on_target,1,1,single_sector_only
5649354175887644800,2,1.2250263404360455,12.54000000000001,0.0143068244638323,0.3333333333333333,0.409909006411176,,22.732096637065364,RESIDUAL,135.88523316180436,-26.31284686253777,False,False,PM*,unknown,0.3013288794260501,6.327906467947051,ok,on_target,1,1,single_sector_only
