source_id,trueP,dur_h,hw,pri_depth,sec_depth,sec_sigma,sec_over_pri,is_EB_new,old_verdict,triage_depth
2628360590325729920,0.5,4.800000000000001,0.2,0.055984271987201684,0.0,0.0,0.0,False,natural_planet,0.024414761588671
5328345537056078848,2.700000000000002,2.4000000000000004,0.018518518518518507,0.0036397216420396283,0.0002555224993127103,1.9212851754435123,0.07020385744925278,False,natural_planet,0.0047230146168424
1868370289135918080,1.1800000000000006,1.2000000000000002,0.02118644067796609,0.001308827677084956,0.0011147556103308087,16.15229552103841,0.8517206885581851,True,eclipsing_binary,0.0013263556898175
2186607230958649600,0.5800000000000001,4.800000000000001,0.17241379310344826,0.03131506557090258,-0.0007709913936728707,-0.8371847807743843,-0.024620462375440872,False,eclipsing_binary,0.0229142870464383
3168125245131332608,0.56,4.800000000000001,0.17857142857142858,0.008391534998728911,5.744671663654444e-05,0.610732930494963,0.006845793605728397,False,eclipsing_binary,0.0237204396695986
2494702071363095168,0.8000000000000003,4.800000000000001,0.12499999999999997,0.0020657842082743016,0.00011445053727809906,2.610312710454162,0.055402949068774146,False,natural_planet,0.0022163311476123
2223396237183204480,0.7600000000000002,1.2000000000000002,0.032894736842105254,0.0010618584645535334,0.0008498623987694964,11.341331494003756,0.8003537450038859,True,RESIDUAL,0.0012243797600133
6898307404019931392,1.4800000000000009,4.800000000000001,0.06756756756756753,0.02184421464276798,-0.0006028222059679678,-1.2948692671915116,-0.02759642385072176,False,natural_planet,0.0126924694088661
5247165398115868160,0.9200000000000004,1.2000000000000002,0.02717391304347825,0.0009817640424503171,-0.0006195055991977672,-5.758921371757866,-0.6310127203799254,False,natural_planet,0.0012170927729908
1129490881755217152,0.8800000000000003,2.4000000000000004,0.0568181818181818,0.01782631568897841,-4.7524339167215324e-05,-1.2286441628714309,-0.0026659653063699808,False,natural_planet,0.0157533067002043
637751829698267648,0.52,2.4000000000000004,0.09615384615384616,0.0005424513901562955,0.00013757786707424557,4.090415412333276,0.2536224804117573,False,RESIDUAL,0.0014931773865038
1397924585409290240,2.940000000000002,1.2000000000000002,0.008503401360544212,0.06977003142042759,0.009928452018220124,77.08529317442967,0.1423025304144155,True,RESIDUAL,0.0268708740820349
5094194949543169664,1.580000000000001,1.2000000000000002,0.015822784810126573,0.0009260317492718606,0.00044740539249976674,5.664074068271059,0.48314260591125724,True,natural_planet,0.0015227659629127
5920839569767196672,1.0400000000000005,2.4000000000000004,0.04807692307692306,0.0005344562770965844,-0.00042815062841516927,-8.369431698256424,-0.8010957056039889,False,natural_planet,0.0017669162654936
4611433272488780544,1.3000000000000007,4.800000000000001,0.07692307692307689,0.0009995180800049797,-0.001324841647863284,-21.206767531021445,-1.32548042338232,False,natural_planet,0.0013885878490642
2561459808901475584,1.8200000000000012,1.2000000000000002,0.013736263736263727,0.0030903816070028123,0.0027979122167887116,10.56764184316989,0.9053613995270473,True,RESIDUAL,0.0031456527017834
459850672230999424,1.3400000000000007,4.800000000000001,0.07462686567164176,0.0021858447026786854,0.0007817817450432862,15.263797239771412,0.3576565819544439,True,RESIDUAL,0.0026285510952646
2173928934175297920,0.7600000000000002,2.4000000000000004,0.06578947368421051,0.0001581833201608207,1.022295840147347e-05,0.3259559476165659,0.06462728428686454,False,natural_planet,0.0004426893093101
422625782663627136,1.1800000000000006,4.800000000000001,0.08474576271186436,0.001307988425153006,-0.0023209753207589223,-12.80563590034791,-1.7744616665758484,False,natural_planet,0.0078807033993231
974452114377486720,0.6000000000000001,2.4000000000000004,0.08333333333333333,0.00011602119163156566,0.00010064916798624424,3.6701401008540926,0.8675067595053111,False,natural_planet,0.0005768400880048
4567848769004844160,1.580000000000001,2.4000000000000004,0.031645569620253146,0.06355156560459563,0.002012256658975531,0.4123065392270376,0.03166336879087079,False,natural_planet,0.0780115008206039
93357127133226496,3.2000000000000024,1.2000000000000002,0.007812499999999995,0.004216639711390302,-0.0001947385127762935,-1.4432221378521104,-0.0461833417377945,False,RESIDUAL,0.0030262836650092
1234975239890024448,0.6600000000000001,4.800000000000001,0.1515151515151515,0.0002695253134793463,2.3161774356017517e-05,0.5258885016554854,0.08593543239786419,False,natural_planet,0.0012817871556192
3788580279456572928,1.4600000000000009,2.4000000000000004,0.03424657534246574,0.004064032597644762,0.0030252609221537163,19.420988796003346,0.7443987835892243,True,natural_planet,0.0215666927301788
1987129158522089344,4.180000000000003,1.2000000000000002,0.005980861244019134,0.00243473281501827,-5.744283797737282e-05,-0.24810100133513047,-0.02359307667069077,False,RESIDUAL,0.0028011421037961
468554822895962112,1.8000000000000012,4.800000000000001,0.055555555555555525,0.0003178223572422034,7.59940151190408e-05,2.1768879663153653,0.23910846228205374,False,natural_planet,0.000830844987314
1834102703593748864,6.940000000000006,2.4000000000000004,0.00720461095100864,0.004166473301660645,-4.786440467130504e-05,-0.26759470780885736,-0.011487990251186193,False,natural_planet,0.0047502414846039
3443212986997578752,0.8400000000000003,1.2000000000000002,0.029761904761904753,0.0011056425211947163,3.0087208634066442e-05,0.29416294598460974,0.02721241997961088,False,RESIDUAL,0.0014044228282117
3304463007644770560,0.7200000000000002,1.2000000000000002,0.03472222222222222,0.0003451713539066592,-0.0002260051303616395,-4.857081437913142,-0.654762128443473,False,RESIDUAL,0.0003877011392749
3553332306335529856,1.600000000000001,2.4000000000000004,0.031249999999999983,0.10128431081278622,0.007794893715675544,51.01450159758098,0.07696052481497964,True,eclipsing_binary,0.022871904132157
2169882181628993408,1.9800000000000013,2.4000000000000004,0.025252525252525238,0.00030288327708716256,0.00021351798807633937,6.252172333363525,0.7049513929251828,True,RESIDUAL,0.0006261418035502
3418733086457172736,0.6800000000000002,1.2000000000000002,0.036764705882352935,0.0003560164826296175,0.0003091650550473002,6.9923264601042225,0.8684009593144054,True,natural_planet,0.0008462231274463
4513844331299813632,1.9000000000000012,4.800000000000001,0.05263157894736839,0.0009165448091699169,0.0002899733989579767,7.149445288938588,0.31637667472100534,True,natural_planet,0.0011004775202121
2233850977856841216,0.6800000000000002,4.800000000000001,0.14705882352941174,6.891828212751694e-05,4.7092929984282605e-05,2.86545643521311,0.6833154938068292,False,natural_planet,0.0002502778006214
4499864212713359872,1.0000000000000004,4.800000000000001,0.09999999999999996,0.0005835298426744018,1.323353454640852e-05,0.24993781551292443,0.022678419471671433,False,natural_planet,0.000852368000091
4529226498937420160,1.3200000000000007,1.2000000000000002,0.01893939393939393,0.0012630281983235792,-0.000878854276487262,-9.88966180782235,-0.6958310809321342,False,RESIDUAL,0.0022014806744885
5506468447972764928,0.9600000000000004,4.800000000000001,0.10416666666666663,0.002193100170672979,-0.00017585434316869097,-3.227803911662556,-0.08018527631354293,False,RESIDUAL,0.0017508385458169
701048034051290624,1.3400000000000007,4.800000000000001,0.07462686567164176,0.002210165020481991,0.0002994266072282592,2.5303192642209007,0.13547703653501875,False,natural_planet,0.0017651935083066
2201904392635675008,7.000000000000005,1.2000000000000002,0.005,0.001066199156871006,0.00026695970247214706,3.9149517803522254,0.25038446218209226,False,natural_planet,0.0002301216227202
548549138533673856,1.740000000000001,1.2000000000000002,0.014367816091954014,0.0016641447629495154,0.0012758103979404467,9.961965132855253,0.7666462836317266,True,natural_planet,0.0008863155996176
4768780567608340608,1.4600000000000009,2.4000000000000004,0.03424657534246574,0.0007408666059045554,-0.0004404231821301119,-9.665896564836567,-0.5944702846909675,False,natural_planet,0.001672467397042
2228613007539710720,3.900000000000003,2.4000000000000004,0.012820512820512811,0.004353783200733763,0.004129254691812689,30.77865376252456,0.9484291021006207,True,RESIDUAL,0.001156951802671
1135119621079809664,12.08000000000001,2.4000000000000004,0.005,0.0008871627946914762,5.570686629685628e-05,0.4002470002853209,0.06279215791080278,False,RESIDUAL,0.0008350182090287
1139803128297146496,12.38000000000001,2.4000000000000004,0.005,0.0024849845986615327,0.00011740918255542798,0.7785468150222543,0.04724744878445812,False,natural_planet,0.0007326899528543
3393809013280016384,12.940000000000012,1.2000000000000002,0.005,-0.0006103916781627916,9.657907968052548e-05,0.7433408395208801,,False,RESIDUAL,0.0008433276645037
1067322123498701312,1.0000000000000004,4.800000000000001,0.09999999999999996,0.0017606053059426863,-8.662651547863831e-05,-1.9995136013180144,-0.04920268909007724,False,eclipsing_binary,0.0012110840075183
6147922565244816128,6.000000000000005,2.4000000000000004,0.008333333333333326,0.0009599144362635315,-0.00010761790278968064,-0.8879752878466368,-0.11211197448866746,False,natural_planet,0.0010576890052533
3876569483448147072,1.8600000000000012,4.800000000000001,0.05376344086021502,0.0022233306496757255,-0.00018559998457257088,-2.907067201039636,-0.08347835469260534,False,natural_planet,0.0007769441592568
1636514588546827008,2.3800000000000017,2.4000000000000004,0.021008403361344526,0.042531792146823344,0.0010237619167299261,0.9555166502525212,0.024070509730599016,False,RESIDUAL,0.002729678322384
5204956727269231744,10.240000000000009,1.2000000000000002,0.005,0.0004291108500207308,-3.3989689881330776e-05,-0.46591228174423927,-0.07920957924901852,False,natural_planet,0.0003665144568094
4734504112949828992,10.300000000000008,4.800000000000001,0.009708737864077664,0.002364887048994513,-5.549923993708461e-05,-0.6371573916713678,-0.023468029883575797,False,RESIDUAL,0.0017880226264651
2179813035068106240,7.640000000000006,2.4000000000000004,0.006544502617801043,0.03137472067118052,-0.0001674226141770152,-0.29057720652263014,-0.005336226445859723,False,RESIDUAL,0.0008942597149257
431616180013613568,12.34000000000001,4.800000000000001,0.008103727714748777,0.0025906993993691785,-0.00037291424817553764,-1.9241664984197815,-0.1439434649447714,False,RESIDUAL,0.0037705511195724
3252988992833887872,12.880000000000011,2.4000000000000004,0.005,0.0023115988132133003,1.2572230885798952e-05,0.07524937669303107,0.005438759880795484,False,RESIDUAL,0.002991476242333
2289127756709633664,1.620000000000001,4.800000000000001,0.061728395061728364,0.0009172470527645249,0.0007124054045709594,15.203093588751376,0.7766777799108913,True,eclipsing_binary,0.0013283440453425
4721747514619865216,10.06000000000001,4.800000000000001,0.009940357852882695,0.0006962078838784747,-1.8143836235662292e-06,-0.02201788342014918,-0.0026060946242931885,False,natural_planet,0.000298546003188
872011131413841664,12.800000000000011,4.800000000000001,0.007812499999999994,0.002363131606295421,-0.00024100426721540558,-1.7107809034254788,-0.10198512286550876,False,RESIDUAL,0.0011567815678827
5329928558923974528,3.4800000000000026,4.800000000000001,0.028735632183908025,0.002070463946909795,6.117857277054828e-05,0.44406345844376355,0.02954824345618691,False,natural_planet,0.0027501759249051
2303176560374243712,12.08000000000001,2.4000000000000004,0.005,0.002002208369091818,0.000574620633786882,4.278404075840349,0.2869934231907762,False,natural_planet,0.0005107265694469
2129523164220831616,9.260000000000009,2.4000000000000004,0.005399568034557231,0.0006174501003787247,-9.85234989249184e-05,-1.3643814191693673,-0.15956511929382983,False,RESIDUAL,0.0002831218838956
4622845924010862080,11.70000000000001,2.4000000000000004,0.005,0.002605805541326056,-0.00019365438780449828,-2.1678646688835004,-0.07431651546260448,False,natural_planet,0.0004153514394277
5856560337637521280,12.820000000000011,4.800000000000001,0.007800312012480493,0.002010723196540498,-0.0002715523586082069,-1.9152487207207192,-0.13505208428262022,False,RESIDUAL,0.0008867327908776
2259568584890836736,6.1600000000000055,1.2000000000000002,0.005,0.0009913555975848976,-4.8783785665196255e-05,-0.5191253279070681,-0.049209169529118954,False,natural_planet,0.0001406384982536
4624358890666816128,12.300000000000011,2.4000000000000004,0.005,0.0009343673847553857,-0.00013955387734454483,-0.964909483561595,-0.14935653750486974,False,eclipsing_binary,0.00133790890125
102427754465060096,11.56000000000001,1.2000000000000002,0.005,0.0018348201869780034,-0.00012453007630841562,-0.4651792556458174,-0.06787045247933526,False,natural_planet,0.0006009243625262
1199758333425429120,2.920000000000002,2.4000000000000004,0.017123287671232865,0.0006395425318839187,-1.9920998960198943e-05,-0.4301992708322381,-0.031148825867010108,False,RESIDUAL,0.0018149566991549
2295774441937204864,11.000000000000009,1.2000000000000002,0.005,0.0011174590161709963,-0.00010226318436801218,-1.42891858399331,-0.09151403576161546,False,natural_planet,0.0001346013163386
5276668658041488640,10.140000000000008,1.2000000000000002,0.005,0.0008216396814356708,-3.0353110836434105e-05,-0.2895690499601246,-0.03694211893879977,False,natural_planet,0.0003896418271275
2185849289485695360,11.28000000000001,2.4000000000000004,0.005,0.0010592318948478008,-0.00029463628992965063,-3.343084056455622,-0.2781603267072943,False,RESIDUAL,0.0003345662167162
2163558855915068416,10.40000000000001,1.2000000000000002,0.005,0.0010900442473963379,-0.0003667395399532536,-2.3749481707402107,-0.3364446359211947,False,RESIDUAL,0.000229557111556
5911515818549119744,12.00000000000001,2.4000000000000004,0.005,0.005378765188987167,0.0006908730114918438,2.3885742843801023,0.12844453833128505,False,RESIDUAL,0.0008541872740764
4882232094372510464,12.480000000000011,2.4000000000000004,0.005,0.004112491151040953,-0.0007217247028631357,-4.166948614565135,-0.17549574609551508,False,natural_planet,0.0014225354021244
4757277339530189440,2.5000000000000018,1.2000000000000002,0.009999999999999993,0.0002083593896715641,-2.3786833185379663e-06,-0.0963720772400273,-0.011416252093498034,False,RESIDUAL,6.397361741639074e-05
3015216991987620096,6.440000000000005,2.4000000000000004,0.007763975155279498,0.0017894723776455956,-8.308794206046688e-05,-0.9167609445175721,-0.04643153093527237,False,natural_planet,0.0005654995369761
1448345233721013376,10.200000000000008,2.4000000000000004,0.005,0.0008676472706617977,0.0003081430453968359,1.4874507085891548,0.35514783001829753,False,RESIDUAL,0.001404188094588
1631096156590384000,9.440000000000008,4.800000000000001,0.010593220338983042,0.007090386901016044,0.0004870532743578293,2.3273172533020143,0.06869205886184225,False,natural_planet,0.0029165023193608
2584467020993005696,1.1800000000000006,4.800000000000001,0.08474576271186436,0.00088366209773727,-0.0018335035318715054,-16.70917416836827,-2.074892129657282,False,natural_planet,0.0028490811573209
6777911567974689536,1.3600000000000008,4.800000000000001,0.07352941176470584,0.0006603011391783653,-0.00028181165377039186,-8.950422057967586,-0.42679262089576203,False,RESIDUAL,0.000442510004874
4677427197337995776,7.540000000000006,2.4000000000000004,0.006631299734748006,0.0007433995659315018,-1.9634944596003123e-05,-0.3556411472723667,-0.026412370272775116,False,natural_planet,8.307880232583109e-05
5730227409341816192,5.680000000000005,2.4000000000000004,0.008802816901408444,0.0005682122598333894,-0.00016070882508123496,-2.327573044524987,-0.2828323787458543,False,natural_planet,0.0005390972332524
2302593887929552512,7.040000000000006,2.4000000000000004,0.007102272727272721,0.0010958710529863636,-4.568071825128417e-05,-0.507966274429005,-0.0416843917236425,False,natural_planet,0.0002563185860426
48185585987790592,6.800000000000006,2.4000000000000004,0.007352941176470582,0.0008476065239257924,2.082552018489725e-05,0.30645247105390294,0.024569796948283654,False,RESIDUAL,0.0006232747209398
2783778556072274432,12.10000000000001,2.4000000000000004,0.005,0.0008881928762261015,-6.314485768355027e-05,-0.6103888877084717,-0.07109363222079693,False,natural_planet,0.0004542672682464
2148453279817193856,9.420000000000009,1.2000000000000002,0.005,0.0014824097670993464,-0.0001686438986747696,-0.7770994176905621,-0.11376334831141706,False,natural_planet,0.0004218119395542
6780311973656466560,9.140000000000008,2.4000000000000004,0.005470459518599558,0.0003963165931467616,-5.0257375456164155e-05,-0.5438464188139336,-0.1268111815786455,False,RESIDUAL,0.0006752993669415
4960784984632471424,8.880000000000008,2.4000000000000004,0.005630630630630626,0.003128362981509758,0.00028255992386205797,1.7112560907517897,0.09032197527337242,False,RESIDUAL,0.000849325826586
1124150931736585984,6.360000000000005,2.4000000000000004,0.007861635220125781,0.0005591027374048929,-6.846793915071814e-05,-0.9875558953402829,-0.12246038978187795,False,natural_planet,0.0003826878076561
398065677891545984,9.020000000000007,2.4000000000000004,0.00554323725055432,0.0009921327478314979,-0.00021524230337877093,-1.5937231053323997,-0.2169490966296854,False,natural_planet,0.0006019953387385
2186999481730413952,12.980000000000011,4.800000000000001,0.007704160246533122,0.0007355777291607746,-2.172363869190619e-05,-0.3115644057968899,-0.02953275749211552,False,natural_planet,0.0002465364341737
2526084190508749440,6.420000000000005,2.4000000000000004,0.007788161993769464,0.0011887921945727964,-0.00026570552595694963,-1.9802801840009059,-0.22350880765366515,False,natural_planet,0.0008272568383744
5499222249728655360,9.260000000000009,1.2000000000000002,0.005,0.0007041395641005366,-0.00011006509827615751,-0.9899443581803575,-0.15631148125692096,False,natural_planet,0.0001030909157666
5427691493560560000,11.420000000000009,2.4000000000000004,0.005,0.0028208822316853066,-0.0006296953259319338,-3.2000891400899762,-0.22322637891753774,False,RESIDUAL,0.0193377414723567
65164171528305792,9.160000000000007,2.4000000000000004,0.005458515283842791,0.0018338981555493516,-0.00017501837083910843,-0.5362695862401803,-0.0954351637845892,False,natural_planet,0.0008308789001949
5236792880333011968,11.820000000000011,4.800000000000001,0.008460236886632819,0.00459329455795876,5.0566251680761454e-05,0.5996511619075986,0.011008710859430029,False,natural_planet,0.0003729243202059
1591350155571306368,0.8800000000000003,4.800000000000001,0.1136363636363636,9.330408399732537e-05,-4.023320231660854e-05,-6.445361082625266,-0.4312051583697221,False,natural_planet,0.0003860400648998
1730409887965394304,12.92000000000001,4.800000000000001,0.00773993808049535,0.0010679798799214657,0.00012500271103399463,1.6132879959574786,0.11704594195462442,False,disintegrating_body,0.0010047287501426
1645214027624984192,12.640000000000011,4.800000000000001,0.007911392405063285,0.0012850215840142232,-9.672741770438975e-05,-1.531313137894461,-0.07527299067010779,False,natural_planet,0.000156604627121
1631096160885448192,9.440000000000008,4.800000000000001,0.010593220338983042,0.003871200832208044,0.00047266715335148035,3.876286031179062,0.12209832913315476,False,natural_planet,0.0029165023193608
2779679744227256576,12.820000000000011,4.800000000000001,0.007800312012480493,0.00268486251233524,-0.00021550465581110512,-0.7617837023137937,-0.08026655175860885,False,natural_planet,0.001087543181107
6670205260048393600,11.820000000000011,4.800000000000001,0.008460236886632819,0.001101746286353067,3.0122603271731663e-06,0.016225200331409975,0.002734078040003353,False,natural_planet,0.0013021037098942
1101986254789660416,12.44000000000001,2.4000000000000004,0.005,0.004745977102992849,4.812182417268662e-05,0.3601409410905734,0.010139497753232024,False,natural_planet,0.001626429835783
1704859097458170496,12.66000000000001,1.2000000000000002,0.005,0.0009350192863681883,-6.412116887122288e-05,-0.8939748258342691,-0.06857737568203859,False,natural_planet,9.696181765406207e-05
2272862131441395968,7.940000000000007,2.4000000000000004,0.006297229219143572,0.001329604793324668,-1.628196686431771e-05,-0.14162269129842697,-0.012245719138545491,False,RESIDUAL,0.0003787066820772
3284964234078228736,9.300000000000008,2.4000000000000004,0.0053763440860215015,0.0011083496241045543,0.0001984140236958032,1.3139845883541732,0.17901754047699855,False,RESIDUAL,0.0010682286054544
1409630707752659712,9.080000000000007,2.4000000000000004,0.0055066079295154145,0.0008706747412841054,-0.00011436385457030962,-1.7084376395525147,-0.13135083533219455,False,RESIDUAL,0.0004901540072699
5500015895263689728,2.3200000000000016,4.800000000000001,0.043103448275862044,0.0011125706592418627,-0.0002398619529098145,-1.7140504881857672,-0.2155925566770413,False,natural_planet,0.0006065695288847
6744925291430289536,6.880000000000006,2.4000000000000004,0.00726744186046511,0.0006856136810720059,0.00021074034489276805,4.3127546236799414,0.3073747661558627,False,natural_planet,0.0003820855629206
6067650970822131584,12.92000000000001,2.4000000000000004,0.005,0.005639200465448413,0.000986115119957942,2.2827424678514308,0.17486789590118412,False,disintegrating_body,0.0037249029231529
1395120933837525248,6.440000000000005,2.4000000000000004,0.007763975155279498,0.000279572049814214,6.509834575207929e-05,0.5462368061016175,0.23284997836993918,False,RESIDUAL,0.0011842333742897
4706213957941043072,10.180000000000009,2.4000000000000004,0.005,0.0037957875411711584,0.00024054458538214085,2.3563588547941796,0.06337145658787921,False,RESIDUAL,0.0028146646431255
2145101766514614656,9.620000000000008,4.800000000000001,0.010395010395010387,0.00141060672718607,-0.00014969174935308693,-0.8683707185292936,-0.10611869805250221,False,RESIDUAL,0.0006005361509446
2116305144665376896,12.640000000000011,2.4000000000000004,0.005,0.0005720140017526631,0.00010418761892772022,1.40101493657047,0.18214172836414338,False,natural_planet,0.0001889713770577
1619951717184551296,6.800000000000006,2.4000000000000004,0.007352941176470582,0.0008039452148500548,1.560148409462947e-05,0.31703264911329615,0.01940615331299575,False,natural_planet,0.0001342659497651
3071493188255501824,6.080000000000005,4.800000000000001,0.016447368421052617,0.0006855280842450462,7.362845883673863e-05,1.1336469767067114,0.10740400069506079,False,RESIDUAL,0.0009303133418022
1430048290786783488,7.2400000000000055,2.4000000000000004,0.006906077348066294,0.002376619677691094,1.4724607121152644e-05,0.08966043459892908,0.0061956093603742785,False,natural_planet,0.0010623021801569
4589589824738659200,12.42000000000001,4.800000000000001,0.00805152979066022,0.00630315155723804,-0.00040470626598865245,-1.081485199589133,-0.06420697048350675,False,RESIDUAL,0.0030012293097934
1708211817649228672,4.180000000000003,4.800000000000001,0.023923444976076538,0.0030200553665333807,-0.00025619749939886916,-1.1815514432253431,-0.08483205382189718,False,natural_planet,0.0007010145301227
2059001553591228416,6.960000000000006,4.800000000000001,0.01436781609195401,0.0007603943448988293,-3.496072961195473e-05,-0.2843850736127193,-0.045977103652192826,False,natural_planet,0.0006831288955375
5769844088898612608,4.820000000000004,4.800000000000001,0.020746887966804965,0.0034965707930010304,-9.15005913832978e-05,-0.3924541292576298,-0.02616866547259718,False,natural_planet,0.0008228817083311
1422723206883601920,11.68000000000001,1.2000000000000002,0.005,0.001325064356148986,0.00019927341002468069,1.1040708739775993,0.15038772200002865,False,natural_planet,0.0002911485193792
172846324559990272,10.98000000000001,2.4000000000000004,0.005,0.0006739736455161349,6.846848719921361e-05,1.2711108371201834,0.10158926488405914,False,natural_planet,0.0002513583274285
3290540643520088448,3.0800000000000023,4.800000000000001,0.032467532467532444,0.001811324532556724,0.00013402150906260957,0.8970101312688915,0.07399088714016107,False,disintegrating_body,0.0123311636357279
5245757576561392512,9.800000000000008,2.4000000000000004,0.005102040816326527,0.0011933174074025832,-9.365565616969995e-05,-0.8670572828532803,-0.07848344085883584,False,natural_planet,0.0005402876966134
5500781735175024000,12.24000000000001,1.2000000000000002,0.005,0.0006185704378337542,-1.2999368833477298e-05,-0.1132816502715677,-0.02101517957922681,False,RESIDUAL,0.0001795117877223
72929850356339200,12.02000000000001,1.2000000000000002,0.005,0.0010658498846607412,-0.0005196707496180064,-4.338902608680557,-0.4875646721896649,False,RESIDUAL,0.0016229328195933
1111464800936060032,12.400000000000011,2.4000000000000004,0.005,0.0006850192883811612,3.8031892637846454e-05,0.5034681189355419,0.0555194478212774,False,RESIDUAL,0.000291058603003
4609130134930472320,4.080000000000004,4.800000000000001,0.024509803921568606,0.0013664495195837567,-3.453498698546831e-05,-0.36210132690688607,-0.025273518333841005,False,natural_planet,0.0005813390845862
5321176205843037440,12.38000000000001,4.800000000000001,0.00807754442649434,0.003144212180890671,-0.00027043667452741893,-0.3851117138906165,-0.08601094931538987,False,natural_planet,0.0009322831720126
5693844505167538048,12.52000000000001,4.800000000000001,0.00798722044728434,0.0007260723621503873,-4.2520338822460424e-05,-0.39883815521764737,-0.058562122784193545,False,natural_planet,0.0003723505166512
4466839281459537280,0.7000000000000002,2.4000000000000004,0.07142857142857141,0.00011200439767600212,-3.9882569596527695e-05,-2.0526974978918466,-0.35608038991376917,False,RESIDUAL,0.0004866844767529
872560887228073600,10.82000000000001,2.4000000000000004,0.005,0.0006489584048262609,0.00029077691614465273,1.9891316287894985,0.44806710874250794,False,RESIDUAL,0.0005276647810698
5930906462089081856,3.2800000000000025,4.800000000000001,0.03048780487804876,0.00039739619638046175,-3.152271032491605e-05,-0.4639009269187954,-0.07932313044772232,False,natural_planet,0.0005028147354941
3151266025323039488,4.900000000000004,2.4000000000000004,0.010204081632653053,0.0017271181658665702,-3.598910013358214e-05,-0.39298286087258066,-0.020837659428777328,False,RESIDUAL,0.0015143160604427
68298299360049152,2.2200000000000015,4.800000000000001,0.045045045045045015,0.0026154259714961103,-0.0003284113672639144,-3.105160342204104,-0.12556706664347,False,RESIDUAL,0.0010335159382822
6563360668590109184,9.740000000000009,4.800000000000001,0.01026694045174537,0.001966772183633614,-0.0004973583289835659,-2.7331979757631237,-0.252880497864626,False,eclipsing_binary,0.001791716826035
6577227606160607616,12.86000000000001,1.2000000000000002,0.005,0.0015694350987256467,-0.0006386809652687564,-3.033822597344662,-0.4069495870121383,False,disintegrating_body,0.0057356050139021
4249776852702341120,8.920000000000007,2.4000000000000004,0.005605381165919279,0.000621173779066786,-6.263118844107574e-05,-0.847291107123743,-0.10082716069433752,False,RESIDUAL,0.0007099154007585
1673038406316241536,12.460000000000012,2.4000000000000004,0.005,0.002258377942992773,-0.00010722876288937755,-0.7951614106362478,-0.04748043312328821,False,natural_planet,0.0008610120065541
160853916874004864,10.080000000000009,2.4000000000000004,0.005,0.0004441525601883711,-9.484833425255079e-05,-2.049785335997835,-0.21354899814677264,False,natural_planet,0.0002175275858131
1657152589303081728,12.940000000000012,1.2000000000000002,0.005,0.001043047616692383,6.523464819341296e-05,0.41606253978547075,0.06254234912139399,False,natural_planet,0.0002057255315854
2878734647990816000,10.500000000000009,4.800000000000001,0.009523809523809516,0.00012052221579716971,5.3202464014634465e-05,1.8191919275353925,0.4414328401012011,False,RESIDUAL,0.00027595844696
4713212899207567360,12.22000000000001,2.4000000000000004,0.005,0.0011884671917685719,0.00018033588752952578,2.1417378240214684,0.15173821269829574,False,eclipsing_binary,0.0010167857690928
3323041215103757312,10.72000000000001,4.800000000000001,0.009328358208955216,0.002526702688306459,0.0005032765093657687,1.7415288569067109,0.19918311390371515,False,RESIDUAL,0.000949200126197
4896931637123804544,4.020000000000003,4.800000000000001,0.024875621890547244,0.0017710631603136129,-0.0005299516102239554,-3.099147734609172,-0.2992279564609732,False,natural_planet,0.0007929159960702
2858315892428273408,7.920000000000007,4.800000000000001,0.012626262626262616,0.0029324478162200407,0.00021365809841067396,0.880462138952394,0.07285998312702517,False,natural_planet,0.0007209946349856
5238417717985501184,4.780000000000004,4.800000000000001,0.020920502092050194,0.0004344695069091742,-5.007520859079406e-06,-0.10099496334470007,-0.011525597952093397,False,natural_planet,0.0003645416224198
5212135537469470208,12.50000000000001,1.2000000000000002,0.005,0.0007033057917229524,0.00020988668685073542,1.3758077135170428,0.29842877638837134,False,natural_planet,0.000235662100654
5213768140437482496,9.140000000000008,2.4000000000000004,0.005470459518599558,0.0009051521860645728,-4.9446162364574775e-05,-0.5079381408688749,-0.05462745726722172,False,natural_planet,0.0003495900956813
2205859507754005632,7.000000000000005,4.800000000000001,0.014285714285714275,0.0009955722029614256,-0.0003492339462951577,-1.6610913934326867,-0.35078716064623705,False,natural_planet,0.0013649336026848
5658627250798085120,4.220000000000003,4.800000000000001,0.02369668246445496,0.0021283545428409933,-0.00015102190827764872,-0.5901885177161359,-0.0709571198020702,False,RESIDUAL,0.0010846536263633
4742528490545010048,10.360000000000008,4.800000000000001,0.009652509652509645,0.0003796314902662079,-8.158404129599006e-06,-0.23577742380894393,-0.021490325062017673,False,natural_planet,0.0003622137917366
1489125913837259520,11.30000000000001,4.800000000000001,0.008849557522123887,0.0015827336843083906,-0.00013379166159765976,-0.7880840457463897,-0.08453201124364956,False,eclipsing_binary,0.0010483650467584
3167332707704591488,3.980000000000003,4.800000000000001,0.025125628140703498,0.00199990557503793,-0.0003439337704875811,-1.7526786995228578,-0.1719750046104342,False,RESIDUAL,0.0017670341302606
5196826354177777280,11.260000000000009,2.4000000000000004,0.005,0.0013293635787731128,-6.188503172788185e-05,-0.8193187499322142,-0.04655237492289081,False,natural_planet,0.0003539414004873
2418664520110763520,11.88000000000001,2.4000000000000004,0.005,0.0030186109996132027,5.1073295683656816e-05,0.3403770792825958,0.0169194691499505,False,eclipsing_binary,0.0011154191909094
630290436417675904,12.70000000000001,2.4000000000000004,0.005,0.0016809322018931372,3.0317907630417196e-05,0.17051620389372485,0.01803636553352472,False,natural_planet,0.0010371564842364
6005539181006707968,11.04000000000001,4.800000000000001,0.009057971014492745,0.0019519244804199198,0.00022720598245262735,2.373788900270706,0.1164010107623366,False,RESIDUAL,0.0007179439821286
97591969182208768,8.460000000000008,1.2000000000000002,0.005,0.00040196258259772577,0.00012249588620683038,0.9359818516165527,0.3047444998865012,False,natural_planet,0.0004274302549118
2121303039192097664,4.180000000000003,4.800000000000001,0.023923444976076538,0.0011179187797467627,-0.00014290480748702095,-0.996722435229801,-0.12783111803470423,False,RESIDUAL,0.0007600251477113
3129184975681790080,5.6200000000000045,4.800000000000001,0.01779359430604981,0.004492959218399206,0.0016461736587333187,3.3638226172205696,0.36638962846402884,False,RESIDUAL,0.0014123704972797
1683531286297878528,11.48000000000001,4.800000000000001,0.008710801393728216,0.0019996184010160345,0.00039999059944140214,2.06223896552472,0.20003346600439426,False,natural_planet,0.0007766390753516
4819741763325357056,12.880000000000011,1.2000000000000002,0.005,0.0017180200950925872,5.703702026804702e-05,0.213965874334614,0.0331992742290789,False,natural_planet,0.0008328943633755
6174291740298077696,4.700000000000004,1.2000000000000002,0.005319148936170209,0.001423917257220353,0.00015653664256132238,1.1295361267292252,0.10993380533002288,False,RESIDUAL,0.0019642559731281
5096891158212909312,12.66000000000001,2.4000000000000004,0.005,0.0023294918961525024,0.0005600694355105684,3.1789094676076357,0.24042557797071767,False,eclipsing_binary,0.0010567257860967
2528040019831835904,11.94000000000001,4.800000000000001,0.0083752093802345,0.0016932719511626448,9.62908030383014e-05,1.1075605354048155,0.05686670884271461,False,eclipsing_binary,0.0005396837183577
5989496516108297600,11.34000000000001,4.800000000000001,0.008818342151675478,0.007045768412953679,0.00035553943315691505,1.3644542868404486,0.05046141347808907,False,natural_planet,0.0014783328359729
2906653202429467264,6.800000000000006,4.800000000000001,0.014705882352941164,0.0007568722859498944,0.00014508052166806173,1.3620896590545273,0.1916842832816661,False,natural_planet,0.000587822815389
5647764213356079360,4.3800000000000034,4.800000000000001,0.022831050228310487,0.0020511294602388874,0.0001280826955121217,0.6158657649694471,0.06244495922612529,False,eclipsing_binary,0.0020041007428884
6004256909931771136,12.400000000000011,1.2000000000000002,0.005,0.0016299139289608355,0.00025532810849870913,1.7727730975942926,0.15665128321315444,False,RESIDUAL,0.002209662531609
3519113515909457024,11.96000000000001,4.800000000000001,0.00836120401337792,0.0019266574966428918,0.000482525774952558,1.3695974357225797,0.25044709596455833,False,RESIDUAL,0.0009834511333385
5345260664459863296,12.52000000000001,2.4000000000000004,0.005,0.0019122826655157965,-0.00016922765782556581,-1.510406616239421,-0.08849510633404206,False,natural_planet,0.0004390648056347
4309454362443032064,12.54000000000001,4.800000000000001,0.00797448165869218,0.002282553769580309,9.887818003906368e-05,0.6331228306333584,0.043319102207719,False,RESIDUAL,0.0012948707207528
609857047904101248,11.52000000000001,4.800000000000001,0.008680555555555549,0.0019275781695614613,0.0007586171021548571,3.968923158291489,0.39355970830871584,False,disintegrating_body,0.0566675384210519
5615925139763813248,9.200000000000008,4.800000000000001,0.010869565217391295,0.005048420084893035,0.0007173767142072407,1.4777792879610183,0.14209925127941098,False,eclipsing_binary,0.006751829420002
5480736165028432768,5.020000000000004,4.800000000000001,0.019920318725099587,0.0013721091170961763,-0.00010372527470314807,-0.8782723755309507,-0.07559549995751363,False,natural_planet,0.0002478706190139
1897019434678665216,9.400000000000007,4.800000000000001,0.010638297872340418,0.0007541788119815873,-3.7886374872342365e-05,-0.27078648378080045,-0.050235268175721874,False,RESIDUAL,0.0005911082138014
119910710900699776,12.480000000000011,4.800000000000001,0.008012820512820507,0.002328851828266698,-1.2785117053937256e-05,-0.07394864121290952,-0.005489879990970862,False,natural_planet,0.0005432713612723
5318267653995965568,4.660000000000004,4.800000000000001,0.02145922746781114,0.00790253415744091,0.0008936705128004263,1.0944195848186904,0.11308657387566737,False,RESIDUAL,0.0020144658744648
2904313927018828928,8.540000000000006,4.800000000000001,0.011709601873536292,0.006329970779931804,0.0007552648506030657,0.9110188665159168,0.11931569305146185,False,natural_planet,0.0005855884473798
288861019085346816,12.940000000000012,2.4000000000000004,0.005,0.0005959266853541312,-0.00011434696473866524,-1.958508663215368,-0.1918809268806518,False,natural_planet,0.0001790021130576
35503024302460160,3.1600000000000024,4.800000000000001,0.031645569620253146,0.0003481128345450557,-6.37807973196125e-05,-0.6636216537572078,-0.18321874688408668,False,natural_planet,0.000913033685729
5837923684230846592,4.160000000000004,4.800000000000001,0.02403846153846152,0.0015349515141065417,8.124274753784633e-05,0.6928371549987289,0.05292854320882948,False,eclipsing_binary,0.0003387013795682
56399315805048192,10.64000000000001,2.4000000000000004,0.005,0.004914942713789228,-0.00018665501509396165,-0.7700598360198939,-0.03797704794611084,False,natural_planet,0.0007200315517347
2170134691346551424,10.140000000000008,4.800000000000001,0.009861932938856009,0.0009731081458461688,-0.00014366390867492917,-1.102210813137129,-0.14763406234772172,False,natural_planet,0.0002762013112999
4640883279120077568,10.88000000000001,4.800000000000001,0.009191176470588227,0.002123335305190377,0.00028786263499314124,0.9853002974021956,0.13557097378331004,False,natural_planet,0.000370621469856
66105563938548608,11.64000000000001,4.800000000000001,0.008591065292096214,0.004782048733198874,-0.0010908116688438385,-9.183744613050482,-0.22810551077637342,False,natural_planet,0.0011102774166871
1138719357726440576,8.240000000000007,4.800000000000001,0.012135922330097077,0.0009719865863053734,4.8260930945231983e-05,0.28982372521451405,0.04965184872424734,False,natural_planet,0.0005403689289751
1073224267557070464,8.880000000000008,4.800000000000001,0.011261261261261252,0.008581059279169523,-0.0004073278774161526,-0.3170050049809703,-0.047468251198886244,False,natural_planet,0.0006256117718317
2144307777382679040,8.400000000000007,4.800000000000001,0.011904761904761895,0.0062739343071370746,-0.0004227816289799069,-0.7132265436448718,-0.06738700284109779,False,natural_planet,0.0012554962519475
892296979210573184,10.88000000000001,1.2000000000000002,0.005,0.0024428379594675365,-0.00019279556603424286,-1.0968597176345078,-0.07892278130321274,False,RESIDUAL,0.0003451312720832
5848488341699430272,12.70000000000001,4.800000000000001,0.00787401574803149,0.002252190311449409,-0.00018330889611650747,-0.5295534312435909,-0.08139138827861224,False,natural_planet,0.0002345889131981
2089492759052331008,12.74000000000001,4.800000000000001,0.007849293563579272,0.001992121828730209,6.957031841059447e-06,0.04839501686971557,0.0034922722801014145,False,eclipsing_binary,0.0010586310283779
5488829494025070080,6.7000000000000055,4.800000000000001,0.014925373134328348,0.002066798254845792,-0.00011083083644303215,-1.9313420870149234,-0.05362440972803196,False,natural_planet,0.000475634422143
