source_id,n_sectors,period,depth,verdict,flat_bottom,asymmetry,secondary_depth,odd_even,depth_cv,sin_r2,sec_detected,sec_frac_detected,sec_depth_cv,sec_depth_scatter_corr,host_scatter_ppm
2628360590325729920,2,0.5,0.024414761588671063,natural_planet,0.2857142857142857,0.09764536072829097,-0.007645063631658067,0.46340151353588355,0.3918962214561849,0.3551386331195394,2,1.0,0.38166834403492156,,32029.561047331707
5328345537056078848,6,2.700000000000002,0.004723014616842436,natural_planet,0.42857142857142855,0.10540107250434502,0.00021923381662924957,0.06514163245513348,0.6459601754912343,0.00359415593752499,6,1.0,0.6220894519091055,0.2229246755599311,2784.716805125692
1868370289135918080,6,1.1800000000000006,0.0013263556898175377,eclipsing_binary,0.3333333333333333,0.34550167426230066,0.0005384834859828436,0.02537437907714923,0.9772999817691859,0.00019450843975665766,6,1.0,0.17020292764445255,0.2376972417728209,1980.3520827637315
2186607230958649600,4,1.1400000000000006,0.022914287046438386,eclipsing_binary,0.10638297872340426,0.038056996348157124,0.023267418426942355,0.04191882711497141,2.884301423157307,0.2781025951647256,3,0.75,0.2684949023938975,0.9988149947698098,21462.28055536609
3168125245131332608,12,2.2200000000000015,0.023720439669598692,eclipsing_binary,0.35135135135135137,0.03180730932107618,0.01411224660595889,0.003196675130281827,0.8608426050680058,8.835390819827982e-05,11,0.9166666666666666,0.6266940899019786,0.9205076566742545,5000.155831544304
2494702071363095168,3,0.8000000000000003,0.002216331147612327,natural_planet,0.08571428571428572,0.13044796914376994,0.00034075351949525157,0.13085561213650113,1.2599472362754296,0.13857183630862357,3,1.0,1.0861782899567538,0.9703865261889388,2667.0504348943796
2223396237183204480,10,0.7600000000000002,0.0012243797600133277,RESIDUAL,0.17391304347826086,0.24507551729385066,7.582183753884753e-05,0.03823536256202246,3.5025601578322427,0.00022530230671813367,5,0.5,0.6050203538277253,0.9211228376160235,2277.9401550804723
6898307404019931392,2,1.4800000000000009,0.012692469408866147,natural_planet,0.3333333333333333,0.09368145948439825,-0.0015394909079919916,0.028125953765843578,0.3307033556167087,0.4477430931740436,2,1.0,0.08329653550218039,,12251.420744746745
5247165398115868160,8,0.9200000000000004,0.0012170927729908687,natural_planet,0.3,0.06076725193978366,-0.00023746888505371544,0.024121038688161196,2.712810868003116,9.07601099315869e-05,4,0.5,0.298030947170159,0.8135902223653589,924.4332815200299
1129490881755217152,20,11.40000000000001,0.01575330670020436,natural_planet,0.5,0.08011114973283272,0.00017225715225799298,0.0010863323421825863,6.084121351904598,2.466836952996765e-05,18,0.9,0.5240948137924298,0.06835453413948767,1772.0906403864676
637751829698267648,20,11.580000000000009,0.0014931773865038966,RESIDUAL,0.2857142857142857,0.5693708378660769,-2.514082555415964e-05,0.02198910556240305,3.688222863323129,6.113815515618182e-05,2,0.10526315789473684,0.997979167715264,,1900.6543356332581
1397924585409290240,12,11.740000000000009,0.026870874082034923,RESIDUAL,1.0,0.13640014620478536,0.00011046983740681249,0.0015484222426631199,1.563477662849581,0.0005108160574558429,12,1.0,0.24795169312237367,0.3869853908784057,1738.567649984431
5094194949543169664,6,5.260000000000004,0.0015227659629127865,natural_planet,0.23076923076923078,0.010756904228651951,-6.0650167945430766e-05,0.00365189805031564,,8.802022729015313e-06,6,1.0,0.3692909852668514,-0.13666595634224957,1696.5782222543842
5920839569767196672,3,1.0400000000000005,0.0017669162654936343,natural_planet,0.39285714285714285,0.005475452529852485,-0.0003521066212659463,0.0006135891039047924,0.2876549386808141,0.00042511466391292885,3,1.0,0.1438522850276741,0.9963656588985484,700.3467330628083
4611433272488780544,7,1.3000000000000007,0.00138858784906426,natural_planet,0.15384615384615385,0.13825842662637883,-0.000521897248832448,0.05768458179863053,1.1720249628535315,0.00010575809574131512,6,0.8571428571428571,0.5844753886872898,-0.6338690173578285,1472.791524025148
2561459808901475584,3,2.1200000000000014,0.0031456527017834635,RESIDUAL,0.375,0.1545374846682013,-0.00023640338644403958,0.013180484750616802,1.2900318596953706,0.0003077189906991462,2,0.6666666666666666,0.023857389033321394,,1228.9373277928107
459850672230999424,5,1.3400000000000007,0.0026285510952646085,RESIDUAL,0.24242424242424243,0.21362969200041754,0.0007865969304131637,0.16170403600821764,,0.07522285759852254,3,0.6,0.985437837469979,0.9738912404160787,2840.3061532200068
2173928934175297920,8,8.340000000000007,0.0004426893093101292,natural_planet,0.14814814814814814,0.14089584051942305,1.4454812637065828e-05,0.07324175978414008,,4.577088233426174e-06,2,0.25,0.06568909803946764,,355.78042107730965
422625782663627136,7,1.1800000000000006,0.007880703399323119,natural_planet,0.4583333333333333,0.011183166945466576,-0.0065170145160741155,0.00369143500656006,1.1138506298644077,2.896143414843344e-05,7,1.0,0.5237926153307144,0.5941759793028313,2639.9402504166715
974452114377486720,3,0.6000000000000001,0.0005768400880048485,natural_planet,0.1724137931034483,0.05260489236172298,-9.026453309246563e-07,0.2578214810933221,1.379267929126928,0.004513006615544435,3,1.0,0.5683905630702445,-0.653058904619248,1402.944410018775
4567848769004844160,3,1.580000000000001,0.07801150082060393,natural_planet,0.34615384615384615,0.03403143575482771,-0.013965208722714229,0.024094811068818726,0.30710452706206837,6.602968669067177e-05,3,1.0,0.22015553664281495,0.8893943042000888,41396.98989178589
93357127133226496,7,3.2000000000000024,0.003026283665009233,RESIDUAL,0.2857142857142857,0.6493225958527375,1.7381240947189625e-05,0.10074213778941024,,0.0018549382802094394,5,0.7142857142857143,0.47208312022343707,-0.738054942225641,1850.3080221204702
1234975239890024448,3,0.6600000000000001,0.0012817871556192184,natural_planet,0.19444444444444445,0.016674173495128234,5.7927579082628355e-05,0.1561257649580456,2.0983479395201345,0.00919522522327687,2,0.6666666666666666,0.14019036501921694,,1056.237884480956
3788580279456572928,8,1.4600000000000009,0.02156669273017886,natural_planet,0.34375,0.00029821894824150213,-0.006965135102595665,0.00847342684073833,0.5035706609330591,0.00012748989731770077,8,1.0,0.6595695215918237,0.9180859316554237,6231.822760564081
1987129158522089344,2,4.180000000000003,0.002801142103796117,RESIDUAL,0.75,1.7390615009276966,0.00011917182240017699,0.036939399758682816,4.269581676864285,0.004917464910171754,2,1.0,0.1367415239123506,,772.4814240001031
468554822895962112,2,1.8000000000000012,0.0008308449873140056,natural_planet,0.25925925925925924,0.057266113518511214,2.7326031296182052e-05,0.012444093006136681,0.6195562851270889,0.0014249738461974415,2,1.0,0.16814445232487188,,379.3154665715041
1834102703593748864,2,6.940000000000006,0.004750241484603901,natural_planet,0.5,0.12203879921910678,-2.981527243317572e-06,0.04914873911241477,0.45056541020598095,0.0056436349592761115,2,1.0,0.17808441255117904,,938.0715611861445
3443212986997578752,2,0.8400000000000003,0.0014044228282117377,RESIDUAL,0.20833333333333334,0.22781737662669246,-2.452126987018133e-06,0.027844396645641176,0.6910228307004986,0.01006354559246636,2,1.0,0.14531068864638008,,1390.695789992404
3304463007644770560,11,0.7200000000000002,0.0003877011392749985,RESIDUAL,0.12121212121212122,0.21390703126689223,-3.36115598482678e-05,0.11501022904739258,3.0568987956040834,1.674313199684363e-05,4,0.36363636363636365,0.14773704025371545,0.009408688279987578,1636.4634547749497
3553332306335529856,4,0.8000000000000003,0.022871904132157006,eclipsing_binary,0.25,0.11076816088125425,-0.000312229987577739,0.6336145960390513,1.4989211137736111,0.14970452981705373,4,1.0,0.6674543356506626,0.9731457371065142,2807.2182517463657
2169882181628993408,8,6.920000000000005,0.0006261418035502508,RESIDUAL,0.42857142857142855,0.7267477504279075,-4.088568074078758e-05,0.006901963405193755,4.986376308261838,1.4318747325603454e-05,6,0.75,0.3361306773430726,0.038186657472598105,249.3174829916747
3418733086457172736,4,4.580000000000004,0.0008462231274463106,natural_planet,0.15384615384615385,0.01511790470664813,-3.23361274008338e-05,0.005612800038458747,5.956276040391379,5.304346967860418e-05,2,0.5,0.16489061135969596,,665.3869147900282
4513844331299813632,5,1.9000000000000012,0.0011004775202121397,natural_planet,0.14285714285714285,0.047660990877133214,0.0003238127113701639,0.026295854898549503,1.6550310351969915,0.0035809992226704113,4,0.8,0.4654539195427321,0.8166818436717826,841.5157289085298
2233850977856841216,17,4.400000000000004,0.000250277800621479,natural_planet,0.2727272727272727,0.005352758182742208,2.1689047129069827e-05,0.03191785437512543,,2.107674781481883e-06,3,0.17647058823529413,0.15086285673230432,-0.1296396105831058,1183.6945992783683
4499864212713359872,2,1.0000000000000004,0.0008523680000910305,natural_planet,0.18181818181818182,0.06889272586542917,-3.1600639050166635e-05,0.007856614739423437,1.2664282377188478,0.03134682520832566,2,1.0,0.14950876128344134,,826.8631751842488
4529226498937420160,4,1.3200000000000007,0.002201480674488554,RESIDUAL,0.2631578947368421,0.5789646997591562,-0.0005628548804461619,0.018404941393169713,2.5165265468136604,0.00019457075897022502,3,0.75,0.28346401578174474,0.01474133745213885,2212.388968528135
5506468447972764928,6,0.9600000000000004,0.001750838545816924,RESIDUAL,0.11538461538461539,0.19304363250820245,-0.0013044392424133022,0.06479459840841896,3.869830646090727,0.14513234226285976,4,0.6666666666666666,0.9945522034472,0.9966830552889554,3068.335882325436
701048034051290624,2,1.3200000000000007,0.0017651935083066173,natural_planet,0.2222222222222222,0.030889641692419034,0.0001192700702805638,0.007000830958300971,1.1313418897604735,0.056878293800535995,2,1.0,0.3797645061354588,,1621.2592381693944
2201904392635675008,10,5.440000000000005,0.0002301216227202918,natural_planet,0.15151515151515152,0.018838459188755218,1.644121126997966e-05,0.00563165223574207,2.2290243331525548,0.0026918335290928574,3,0.3,1.142901868769417,0.9961323453336236,825.8979729738636
548549138533673856,5,2.620000000000002,0.0008863155996176042,natural_planet,0.13043478260869565,0.06364400121864719,-6.216588785112886e-05,0.08559423967366539,1.32068275621497,0.0003850201082653548,4,0.8,0.3784114304116207,0.1179068034779096,679.4251678037695
4768780567608340608,34,8.260000000000007,0.0016724673970420767,natural_planet,0.15384615384615385,0.0010554366543018931,5.365432907256107e-05,0.0151113576428667,,8.825479282292825e-05,29,0.8529411764705882,0.76782262192648,0.8811810005109979,1583.78015485565
2228613007539710720,18,3.900000000000003,0.001156951802671058,RESIDUAL,0.1875,0.5882702973043955,4.3780235547852264e-05,0.06005053999828781,2.561987117063877,0.00020622211990040107,4,0.2222222222222222,0.08621391463708909,-0.8818547262084567,2318.338088633151
1135119621079809664,9,12.58000000000001,0.0008350182090287595,RESIDUAL,0.25,0.4790916052807015,2.8919361762413942e-05,0.08619298176924357,17.64829782768671,0.00020116844695938774,5,0.625,0.43814833284450533,0.41953277961809077,1800.4013906785647
1139803128297146496,10,12.38000000000001,0.0007326899528543596,natural_planet,0.125,0.09880135221128912,-2.125456855694985e-05,0.1512499256789287,2.2062602496969306,0.0002947894103751958,2,0.2222222222222222,0.10278183336619258,,1999.1363713546825
3393809013280016384,6,12.960000000000012,0.0008433276645037902,RESIDUAL,0.16,0.007735340646887454,-1.8887607288409214e-05,0.35890060313761024,2.6431709069284293,0.006366950063010579,2,0.4,0.5389298558644414,,1758.467762299038
1067322123498701312,15,1.0200000000000005,0.0012110840075183482,eclipsing_binary,0.08333333333333333,0.06439457871925629,0.0013020401852990027,0.08671553517195314,5.681985292790771,0.01973151406389495,11,0.7333333333333333,1.558684279471856,0.8770183312472312,2396.1176403577538
6147922565244816128,4,6.000000000000005,0.0010576890052533816,natural_planet,0.23076923076923078,0.012950806513100462,2.1371464678066054e-05,0.14348795148526847,4.526433926163799,0.00027050711518372683,2,0.5,0.4544628861961099,,2317.586218953376
3876569483448147072,4,1.8400000000000012,0.0007769441592568871,natural_planet,0.10714285714285714,0.03554668204417998,-0.0001581145118285665,0.09811401547728209,0.6188745521198821,0.06512501483843813,3,0.75,0.5469063400222164,0.3679475288595101,1544.1156601746736
1636514588546827008,38,8.320000000000007,0.0027296783223840215,RESIDUAL,0.6666666666666666,2.6877143443535294,-0.00016369660207715686,0.24675356504890086,10.081312858709198,0.00013097516428905998,22,0.5789473684210527,1.2198598720460043,0.18096041888275663,7329.992338901104
5204956727269231744,11,4.480000000000004,0.0003665144568094636,natural_planet,0.16666666666666666,0.048720716984132065,6.0827281499475916e-05,0.15055516353888457,1.343000889843229,0.020970243560543222,8,0.7272727272727273,1.1772300032231682,0.9015140638634417,864.234221344589
4734504112949828992,7,11.64000000000001,0.0017880226264651577,RESIDUAL,0.25,0.664244667322029,0.00019710200569333924,0.08059624419308128,1.3042404957764187,0.04973297297927981,5,0.7142857142857143,0.7360596107961084,0.9938050528929648,2062.757420183003
2179813035068106240,4,11.44000000000001,0.0008942597149257381,RESIDUAL,0.2727272727272727,0.22661476697060584,0.00015180556136185075,0.1940160863384207,32.59093067266547,0.0016527293845429725,2,0.5,0.8484960257302183,,908.080298502564
431616180013613568,2,12.320000000000011,0.003770551119572474,RESIDUAL,0.75,1.0652185221197512,-0.00022926493287878102,0.21896431486430534,5.098634268875246,0.0005072204226936883,2,1.0,0.1573408000693721,,752.3167543773158
3252988992833887872,3,12.880000000000011,0.002991476242333091,RESIDUAL,0.2857142857142857,0.6811048080576589,0.0001446269168301484,0.0027005186948420115,1.1585745537524987,0.005255243646454799,2,0.6666666666666666,0.34373636845693023,,2203.683537838543
2289127756709633664,61,1.620000000000001,0.0013283440453425444,eclipsing_binary,0.375,0.05194489703959115,0.0007311566912268086,0.01382116304819998,3.4717253922629174,0.015482838681859623,42,0.6885245901639344,0.6682189879459173,0.681565830859359,2190.8462050168655
4721747514619865216,12,7.420000000000006,0.00029854600318801605,natural_planet,0.21212121212121213,0.010551270094588061,1.8584661206633157e-05,0.08626479395620672,1.9800715240361806,0.006296729820289615,5,0.4166666666666667,0.8287538633778616,0.9260299341255263,1334.9152453315578
872011131413841664,5,12.22000000000001,0.001156781567882792,RESIDUAL,0.4,0.26455256500363,2.4823433284359986e-05,0.1628685001013942,29.761950388007328,0.0002443085211977225,1,0.25,,,1059.8435371972987
5556592090703647744,8,11.14000000000001,0.0007987504829676251,natural_planet,0.14285714285714285,0.012631495302393833,3.5222269712420484e-05,0.11338693519822221,1.8601165727076072,0.0028135269513139827,3,0.375,0.705873377603402,0.8398245710479839,2086.1318565226575
5329928558923974528,4,3.4800000000000026,0.0027501759249051183,natural_planet,0.375,0.01567497082353481,-8.39049253089641e-05,0.03339663959274257,2.3599336475618387,0.009272862613198152,2,0.5,0.31753182583487555,,1034.1049281167768
2303176560374243712,20,5.980000000000005,0.0005107265694469509,natural_planet,0.1935483870967742,0.0949992435894821,7.952697016211374e-05,0.1072954672012651,1.91987047045264,0.0165646086964234,11,0.55,1.1036369921116869,0.9894672490094092,1772.9168764616022
2129523164220831616,13,12.10000000000001,0.00028312188389567616,RESIDUAL,0.2222222222222222,0.1389045948369131,4.194124713752245e-06,0.2168315167384559,4.091626550193725,0.0005189819332322987,3,0.25,0.8046346406663613,0.8633981939621791,989.0000802133851
4622845924010862080,37,1.8600000000000012,0.0004153514394277247,natural_planet,0.125,0.014238605150590129,-9.057755305152959e-05,0.3170257997854798,2.7632235394985982,0.009301020549309369,21,0.5675675675675675,1.509453146659445,0.8541763209434917,1370.438202074665
5856560337637521280,4,10.500000000000009,0.0008867327908776979,RESIDUAL,0.15384615384615385,0.02265969003233064,-3.71378576695669e-05,0.16637373847746487,1.7513586500422822,0.009527957010413979,1,0.25,,,2321.6817209371616
2259568584890836736,73,12.900000000000011,0.00014063849825363128,natural_planet,0.22727272727272727,0.02283876191182119,-2.9888939871991482e-06,0.07430838522329372,8.969894411438792,2.2782267327658978e-05,4,0.08,1.4535029653216907,0.2983457167646278,1231.6002930497957
4624358890666816128,22,7.060000000000006,0.0013379089012500733,eclipsing_binary,0.16129032258064516,0.1585129593753083,0.0008588713083390598,0.09220285017156093,1.3423568570531375,0.02952831036381809,17,0.7727272727272727,1.047387148286333,0.9814409214449106,1897.87542160052
102427754465060096,7,7.680000000000007,0.0006009243625262339,natural_planet,0.15,0.11660241109135708,-4.052653802766315e-06,0.15824743658631246,6.090954199105026,7.298596000904212e-06,1,0.14285714285714285,,,608.9159204271601
1199758333425429120,7,12.92000000000001,0.0018149566991549904,RESIDUAL,0.3333333333333333,0.7868030690916892,2.1369816070038183e-06,0.011343451802531452,,0.006801641416014137,2,1.0,0.9351113904378633,,1146.2611385766008
2295774441937204864,58,3.3200000000000025,0.00013460131633868944,natural_planet,0.1,0.05332383637089163,1.8603533870842348e-05,0.07453424774023201,3.568216681909224,0.00051527384448391,16,0.27586206896551724,1.3220570273402532,0.9850438598249838,1034.9697958983218
5276668658041488640,15,4.200000000000003,0.00038964182712752926,natural_planet,0.14285714285714285,0.007231000617693674,-2.111879915389636e-05,0.06604956671928672,1.5279447204195842,0.00743527523778853,7,0.4666666666666667,1.1128587938112053,0.8992863587915105,1241.7970457669699
2185849289485695360,16,3.0400000000000023,0.00033456621671623665,RESIDUAL,0.13953488372093023,0.20043614905414864,-9.699229940784981e-05,0.0332283820511681,7.2614628938314985,0.014144396426573613,7,0.4375,0.8538208882255105,0.958765762861833,1086.6147422635972
2163558855915068416,24,10.000000000000009,0.00022955711155603353,RESIDUAL,0.2727272727272727,0.46692991554221686,8.484509686934594e-06,0.021987707686559405,9.500744396180009,1.206254307750676e-05,3,0.13043478260869565,0.30658628561722046,0.9844749252153671,1437.4591184244548
5911515818549119744,18,0.9200000000000004,0.00085418727407649,RESIDUAL,0.25,0.21111786332005184,5.840608099738631e-05,0.12076252210228024,1.7291047501227776,0.016430508230600327,12,0.6666666666666666,1.304825491439615,0.968059639716018,3502.317302334943
4882232094372510464,6,1.600000000000001,0.0014225354021244474,natural_planet,0.1,0.05260312228622472,0.0003657872666192885,0.10146676644843962,1.2518202532493434,0.053607811781996695,3,0.5,0.8952291721947472,0.8802342366511043,2257.631673235416
4757277339530189440,62,12.36000000000001,6.397361741639074e-05,RESIDUAL,0.14285714285714285,0.12811795007117358,-2.9313083071969004e-08,0.007978187730346777,5.245767018598443,1.5779663326109805e-05,5,0.09259259259259259,0.9161518965919663,-0.0950434529091962,467.10799316578914
3015216991987620096,5,2.0000000000000013,0.0005654995369761551,natural_planet,0.1111111111111111,0.1208490065212604,-0.00011796239899153349,0.37407513522412233,1.9683615296354902,0.05884786778412565,4,0.8,0.9630380334982497,0.9778437773229399,954.6349969357384
1448345233721013376,3,10.200000000000008,0.001404188094588088,RESIDUAL,0.4,0.8005841794422944,0.00015801420994243642,0.07953871350206841,3.2189320111640707,0.007270595050091311,2,0.6666666666666666,0.39984851128715476,,1053.9050356109599
1631096156590384000,130,8.060000000000006,0.002916502319360803,natural_planet,0.2,0.03144547451572459,0.0001514042623563805,0.005262409765115653,3.6209802145953343,2.13954927530402e-06,89,0.6846153846153846,1.2500742298981593,0.9512463798683378,3396.8243474811547
2584467020993005696,3,1.1800000000000006,0.002849081157320965,natural_planet,0.2857142857142857,0.08816752070945015,-0.0014132707499563413,0.007595732953370341,1.04707483711371,0.0012895137663647693,3,1.0,0.16684584908152314,0.448495306143705,2470.420101097302
6777911567974689536,6,1.4000000000000008,0.0004425100048740527,RESIDUAL,0.13333333333333333,0.27315134956627996,-0.00031893814181804814,0.1362460708419667,1.6938377583776603,0.056163136260185986,6,1.0,1.3602585338225142,0.9987332221202857,1309.1829267073
4677427197337995776,88,3.660000000000003,8.307880232583109e-05,natural_planet,0.11764705882352941,0.014601203751430546,-3.370853533857243e-06,0.22687945200496204,6.316829108894944,0.0009253727629271458,24,0.2727272727272727,1.0953524752730472,0.969831366241042,907.5540152422509
5730227409341816192,6,11.52000000000001,0.0005390972332524058,natural_planet,0.16666666666666666,0.08258393085529815,-3.6649486389594976e-05,0.08133708556149791,3.52233022187998,0.0006416880930527613,2,0.3333333333333333,0.0025034683505322096,,990.6263253887911
2302593887929552512,25,6.720000000000006,0.000256318586042692,natural_planet,0.1875,0.03241184128709496,-6.462511547900007e-06,0.1782124330659058,1.8807161384217381,0.0018339075259653503,7,0.28,0.8766549739667812,0.9160991095725328,1486.1660631836235
48185585987790592,6,12.86000000000001,0.0006232747209398148,RESIDUAL,0.18181818181818182,0.08539494492852771,5.6637519730173835e-05,0.23400027668101667,3.093421845561965,0.0007622987344175769,1,0.5,,,1155.141302382853
2783778556072274432,7,8.020000000000007,0.0004542672682464888,natural_planet,0.14285714285714285,0.030418079128581285,1.856282504464346e-05,0.0899316494150012,7.911559158996861,0.0017740695740507961,3,0.42857142857142855,0.650221469205634,0.8654460674185986,1333.7525809613758
2148453279817193856,27,10.760000000000009,0.0004218119395542619,natural_planet,0.12903225806451613,0.02957297081100628,-4.886102067391818e-06,0.0021730441795499524,,4.0536986357642135e-06,2,0.08,0.23500240679727427,,2284.44841281888
6780311973656466560,7,12.08000000000001,0.0006752993669415508,RESIDUAL,0.6,0.8524306617003659,-4.106273541326644e-05,0.07249231405420957,1.1370378494773676,0.0011566361059690555,3,0.42857142857142855,0.586521447865977,0.7169154013699998,1007.7225684956691
4960784984632471424,4,4.600000000000003,0.0008493258265860337,RESIDUAL,0.12,0.12419808983759352,8.852452968022284e-05,0.004518918562715013,1.8694100358003531,0.016796085509363623,3,0.75,1.0200324582799445,0.9266996857725364,1875.5837070644018
1124150931736585984,12,11.02000000000001,0.00038268780765615684,natural_planet,0.38461538461538464,0.022193697956434312,-3.4945674117770054e-05,0.03714242786725758,3.988565680442566,0.00038679857316403776,6,0.5,1.0502130875967353,0.7926603531380992,1171.4752608300068
398065677891545984,5,10.240000000000009,0.0006019953387385035,natural_planet,0.26666666666666666,0.020735458280451174,-2.6694269205762566e-05,0.15428726277454247,21.21169190610818,0.006085261495288652,3,0.6,0.9109440137509495,0.942393145687842,1572.6036777854067
2186999481730413952,14,10.80000000000001,0.0002465364341737164,natural_planet,0.15,0.01767562121197821,9.049067350219708e-06,0.04862900629507929,6.460874597772935,0.00013427286703315833,4,0.2857142857142857,0.9591731184713962,-0.06065033104607148,1139.1049219970246
2526084190508749440,6,1.540000000000001,0.0008272568383744794,natural_planet,0.14285714285714285,0.056347465085739575,-0.0006758267665645246,0.25750868297194174,3.219424040991829,0.002165656460525245,4,0.6666666666666666,0.6308966164511423,0.8235614613687513,2235.2805550158196
5499222249728655360,62,9.620000000000008,0.00010309091576665708,natural_planet,0.32,0.09051787309509805,-7.324022224253213e-07,0.04390274715883306,4.1072420248090244,8.6372038650806e-05,7,0.11290322580645161,0.7538402292851429,0.6936343257209145,1109.6936830914171
5427691493560560000,6,12.880000000000011,0.019337741472356784,RESIDUAL,0.42857142857142855,2.49975565482825,0.0001652479756916181,0.003984713594035334,1.2188466696155826,0.0020690649359881297,2,0.6666666666666666,0.11283470468147859,,2517.4461184945594
65164171528305792,10,6.980000000000006,0.0008308789001949535,natural_planet,0.19047619047619047,0.09382516738796896,2.8204858604663485e-05,0.028010522457618012,2.3369869049872998,6.52582610046748e-05,4,0.4,0.402013856219879,0.15011807065907715,2725.7762009477374
5236792880333011968,13,6.820000000000006,0.00037292432020596955,natural_planet,0.17647058823529413,0.035323011437175686,-4.224572083821876e-05,0.2526099078743627,1.568483123948761,0.0007913979643900948,7,0.5384615384615384,0.8944752337500236,0.9370989646427793,1367.1918107562813
1591350155571306368,8,3.5000000000000027,0.00038604006489983966,natural_planet,0.13513513513513514,0.09680992821611303,0.00011343531231400306,0.16975714171938217,0.9934602356723803,7.502221064026315e-05,7,0.875,0.5384004184243282,0.7670797576124218,367.33556991052444
1730409887965394304,2,11.46000000000001,0.0010047287501426805,disintegrating_body,0.23076923076923078,0.7793773139689115,0.00012102597637730916,0.2371961493989405,2.125769430168623,0.00041018925063729395,2,1.0,0.13642390171720428,,602.6183152889466
1645214027624984192,31,11.72000000000001,0.00015660462712108192,natural_planet,0.16666666666666666,0.02483125093534735,5.059126686468574e-07,0.0651051270009163,,3.942880222651546e-06,3,0.10344827586206896,0.43168938671643853,0.34429341890250353,1040.7133424445994
1631096160885448192,130,8.060000000000006,0.002916502319360803,natural_planet,0.2,0.031445474515716436,0.0001514042623563805,0.005262409765115653,3.6209802145953343,2.13954927530402e-06,89,0.6846153846153846,1.250074229898159,0.9512463798683377,1961.1335233446202
2779679744227256576,5,10.600000000000009,0.0010875431811070424,natural_planet,0.21428571428571427,0.14849836193403188,0.00012527122850181094,0.1252086015066209,1.5574909552739344,0.00033379241303954643,3,0.6,0.2739486240170794,-0.45351244292533754,1508.5773614950604
6670205260048393600,2,12.04000000000001,0.0013021037098942534,natural_planet,0.2413793103448276,0.10090460979981745,4.3015909337640323e-05,0.3080436301510216,1.3590804328173711,0.000540161334969369,2,1.0,0.43803326375321566,,763.1417796533179
1101986254789660416,6,1.9200000000000013,0.0016264298357830942,natural_planet,0.11764705882352941,0.04307991638253727,-4.899280926107252e-05,0.09500154957126383,1.083595894310606,0.07122716646137661,5,0.8333333333333334,1.009566834903348,0.9973292301028348,1705.763734381355
1704859097458170496,57,4.860000000000004,9.696181765406209e-05,natural_planet,0.2,0.024595464633815445,-1.116861225280985e-06,0.1727997489408646,6.96177344906882,0.0017696342698262368,13,0.22807017543859648,0.6453344045096148,0.9405781033968743,945.5371128847831
2272862131441395968,15,10.280000000000008,0.00037870668207728997,RESIDUAL,0.15789473684210525,0.17239088512381118,-2.7857393913643946e-05,0.078610566303181,2.716857810185885,0.0008855581639213295,3,0.2,0.5627274315612005,0.965415152710391,1678.4199907998857
3284964234078228736,4,7.560000000000006,0.0010682286054544132,RESIDUAL,0.3076923076923077,0.15170046072040863,3.8206873055446344e-05,0.016439323723408762,,0.0009541657872377263,2,0.5,0.08073273800811827,,1726.2922154828168
1409630707752659712,9,12.44000000000001,0.0004901540072699273,RESIDUAL,0.2727272727272727,0.3906818282710727,-3.68596606725724e-05,0.12195842011057678,,0.00021011639390888792,2,0.3333333333333333,0.714959483261751,,960.6585254184638
5500015895263689728,18,11.90000000000001,0.000606569528884715,natural_planet,0.15151515151515152,0.02076751531693096,-3.229206324317779e-05,0.30531295052883545,,0.0006538802549622691,2,0.125,0.029930154899434864,,1325.4393090682595
6744925291430289536,5,11.260000000000009,0.000382085562920631,natural_planet,0.13043478260869565,0.022987051680569248,-2.5452935627501283e-05,0.03915806944999246,1.6452588232229728,0.0010132245196744494,2,0.4,0.5233933463314774,,816.8435981419226
6067650970822131584,4,10.760000000000009,0.003724902923152973,disintegrating_body,0.2727272727272727,0.38670806724002343,-0.00015144242221665216,0.04537333733666549,2.2570689738385368,0.0009139664711547146,4,1.0,1.1597607057453747,0.9597359537808905,5187.67419299683
1395120933837525248,9,12.960000000000012,0.0011842333742897448,RESIDUAL,0.3333333333333333,0.414360624851404,-2.7716756547890853e-05,0.3544841375573652,1.3601990081863162,0.00010787224686092944,1,0.2,,,1419.4393733293748
4706213957941043072,14,6.280000000000005,0.0028146646431255196,RESIDUAL,0.3333333333333333,0.2640792354104584,-0.0004747890578657987,0.05171022965427698,1.8463037044097617,0.0001051782794846412,10,0.7142857142857143,1.37922668997439,0.9883914713704984,1353.1322969705384
2145101766514614656,17,12.52000000000001,0.000600536150944686,RESIDUAL,0.2222222222222222,0.03806002828082832,-4.290525980277238e-06,0.3258142690907914,4.908670906938263,0.0035607518786139325,4,0.25,1.225172644751049,0.7875887189625574,729.4338832648765
2116305144665376896,16,12.640000000000011,0.00018897137705775613,natural_planet,0.21052631578947367,0.12378551882140691,-8.520981550796947e-06,0.1075841911593795,,0.00011146395661254527,2,0.14285714285714285,0.911998572515463,,974.6846463393673
1619951717184551296,27,9.820000000000007,0.0001342659497651777,natural_planet,0.10714285714285714,0.020787862446617286,-2.3860738069814147e-06,0.10000746844478893,5.725740883796896,4.146241358515823e-05,8,0.2962962962962963,1.0274134360887397,0.9634677917683946,814.6369682188192
3071493188255501824,5,12.02000000000001,0.0009303133418022691,RESIDUAL,0.6,0.5868082892723601,0.0002147879416192211,0.05360974519498213,2.3937443284278412,0.00033885779760878254,3,0.6,0.671728309962725,0.4948381019538957,3716.4186924991677
1430048290786783488,17,1.8200000000000012,0.0010623021801569044,natural_planet,0.21428571428571427,0.012474883531702834,-0.00019641133307235492,0.011404376087159017,4.705916777524807,0.00038174089467168937,8,0.47058823529411764,0.3496540648703734,0.7799189395310451,1923.7755081987468
4589589824738659200,5,12.400000000000011,0.0030012293097934073,RESIDUAL,0.4444444444444444,0.1548688046831998,0.0002126250446433664,0.01772478559840697,,0.0010016083855188818,2,0.4,0.44540272667004466,,1645.7568933901687
1708211817649228672,20,12.70000000000001,0.0007010145301227233,natural_planet,0.36363636363636365,0.1349654551401183,-4.166577569297836e-05,0.17031025008812803,,0.00011585196556707089,3,0.17647058823529413,0.14538929293729605,0.9879519108653665,1937.8613177843292
2059001553591228416,4,7.800000000000006,0.0006831288955375658,natural_planet,0.22857142857142856,0.05324047834769668,8.249345082944615e-05,0.1606590615208228,1.473030215288591,0.00042246990130090367,2,0.5,0.38161151074085725,,681.3792007169368
5769844088898612608,3,4.980000000000004,0.0008228817083311135,natural_planet,0.18181818181818182,0.012682867725587722,-0.0001500131633556112,0.14485247491664865,0.8287813059726526,0.1118946679824343,2,0.6666666666666666,0.6352678958697231,,1711.4876398366796
1422723206883601920,62,7.740000000000006,0.00029114851937928066,natural_planet,0.125,0.006257628712033204,-5.7138005277179715e-06,0.021772923464550793,13.620214475453581,1.1207710034488727e-06,4,0.06557377049180328,0.259844665702346,-0.7101045026614354,2865.929898580766
172846324559990272,10,7.420000000000006,0.00025135832742850805,natural_planet,0.3333333333333333,0.007748137395064353,-1.5584455129724617e-06,0.034146463083341606,3.621811087084508,0.0005585712195611547,4,0.4,0.8468131395431425,0.981237341217568,654.098114318103
3290540643520088448,2,12.92000000000001,0.012331163635727949,disintegrating_body,0.5714285714285714,0.49223931313699243,-0.00022098800862013768,0.042875689876794104,3.165584726859686,0.028359693339923497,1,0.5,,,1121.64297201391
5245757576561392512,8,2.640000000000002,0.0005402876966134063,natural_planet,0.17857142857142858,0.0297468870696441,1.5413897684002364e-05,0.22369766183348563,2.2353585435227035,0.029247245601238148,4,0.5,0.6272038771351329,0.2412041178309924,1520.5632818069955
5500781735175024000,35,10.88000000000001,0.00017951178772235288,RESIDUAL,0.17857142857142858,0.04470176027412038,-5.2323759897054956e-06,0.06327307310624405,6.211483464760212,5.342705221789146e-06,4,0.12121212121212122,1.012089669781697,0.564307115893527,1507.1534367994182
72929850356339200,6,12.940000000000012,0.001622932819593359,RESIDUAL,0.15384615384615385,0.5666713743399842,-3.31481112392229e-05,0.09624075474972624,24.36861801498249,7.220025430809685e-05,3,0.75,0.28984552895271937,-0.8192882510696411,1571.365082457002
1111464800936060032,12,12.92000000000001,0.0002910586030030471,RESIDUAL,0.10714285714285714,0.08997699456858947,-4.17194229740403e-06,0.1799424589717339,2.7505023277211,4.444383220170156e-05,2,0.25,0.43068055974975666,,965.2142302701977
4609130134930472320,7,8.460000000000008,0.000581339084586241,natural_planet,0.13636363636363635,0.08428539803554136,5.1071421631299074e-05,0.02908909437479259,2.5036762815541627,0.0002872711694761332,3,0.42857142857142855,0.013279291409092913,-0.6888381436691765,812.7213245180905
5321176205843037440,10,12.940000000000012,0.0009322831720126601,natural_planet,0.15789473684210525,0.004407504563484201,-4.1535185261287744e-05,0.49992588811726274,1.3582690305549718,0.0024536813102511434,2,0.3333333333333333,0.09481321310893617,,2153.2076659609274
5693844505167538048,4,12.34000000000001,0.0003723505166512986,natural_planet,0.2608695652173913,0.0031884174829030117,-2.1647372522082264e-05,0.08107691346727212,0.9281157879882861,7.678164854074687e-05,2,0.5,0.12509674601409726,,453.6803122399816
4466839281459537280,6,5.280000000000005,0.0004866844767529299,RESIDUAL,0.16666666666666666,0.10300065126794948,-1.4627021053703615e-05,0.07810929895498213,3.159136525324525,0.0018038406974301147,2,0.3333333333333333,0.7644969860466272,,939.3706167880528
872560887228073600,12,12.84000000000001,0.0005276647810698032,RESIDUAL,0.15384615384615385,0.02747457445664297,-1.7865125645277757e-05,0.15030531514204265,4.475508681052006,3.134413266325797e-05,3,0.25,0.4465386671324972,-0.6281087229826999,1799.5791695435555
5930906462089081856,2,1.600000000000001,0.0005028147354941837,natural_planet,0.2571428571428571,0.004292706398223762,-1.9552450055471127e-05,0.05875861246942563,1.1069990639015446,0.06799141884078252,2,1.0,0.24324042078130798,,512.1497707711778
3151266025323039488,8,12.880000000000011,0.001514316060442722,RESIDUAL,0.4,0.6670545053085711,3.97317304963174e-05,0.003953415355933175,,0.0001360294091223846,1,0.3333333333333333,,,1723.639282988615
68298299360049152,4,2.2400000000000015,0.00103351593828227,RESIDUAL,0.13043478260869565,0.15367752520735264,-0.0001992610516194926,0.06387102523607716,0.6085754748822291,0.0842098845018533,3,0.75,0.17440277656674286,0.9789866144072567,1795.2793655593134
6563360668590109184,3,12.42000000000001,0.0017917168260350724,eclipsing_binary,0.3333333333333333,0.0020905253128595627,5.4771357028915446e-05,0.6657150209753834,1.2681807147972173,0.00047176276533678063,1,0.5,,,1132.7124321287447
6577227606160607616,4,12.560000000000011,0.005735605013902134,disintegrating_body,1.0,2.965711864716187,5.674606040961816e-05,0.047217879977861234,4.389440750884374,0.002003227944877173,1,0.5,,,754.6173358735207
4249776852702341120,3,8.920000000000007,0.0007099154007585984,RESIDUAL,0.2857142857142857,0.1013284864402604,2.672696596683899e-05,0.2896804846022188,3.045962412531023,0.0012007002889130591,3,1.0,0.6390103941742243,-0.7537871508321139,880.8824105173294
1673038406316241536,3,10.86000000000001,0.000861012006554196,natural_planet,0.08,0.014816459445452871,-3.5238924287472884e-06,0.08463398764329398,1.5900427145262317,0.000242867950295933,3,1.0,0.5036422004780733,0.8687023306741379,1358.1925065745625
160853916874004864,4,1.8800000000000012,0.0002175275858131709,natural_planet,0.08823529411764706,0.0806799844956435,-2.4136513690709016e-05,0.12813324407265747,1.2838741316807831,0.0017102714745771408,4,1.0,0.2780400653523302,0.27292002298881674,425.4511344546242
1657152589303081728,54,3.960000000000003,0.00020572553158548779,natural_planet,0.13157894736842105,0.1368672245388871,-8.8065261276693e-06,0.006815259417955993,6.104790938865032,0.0022315361577822657,14,0.25925925925925924,0.6019830161278887,0.8709972929109961,2128.3416707549386
2878734647990816000,4,12.38000000000001,0.0002759584469600451,RESIDUAL,0.15789473684210525,0.3097354968084092,1.227651148338893e-05,0.24491860242679217,2.812722381807977,3.818836825242311e-05,2,0.5,0.38252349135232966,,462.3489976812917
4713212899207567360,7,12.880000000000011,0.0010167857690928095,eclipsing_binary,0.125,0.05217577932208044,-4.113334603705887e-05,0.7818418576082671,3.1047784572101196,0.004665914435295515,2,0.6666666666666666,0.6716529011116268,,1104.3566824374393
3323041215103757312,2,10.88000000000001,0.0009492001261970362,RESIDUAL,0.20833333333333334,0.3440776053193295,0.0001847844537045118,0.21339504838006101,1.0706300961832456,0.0586285544162497,2,1.0,0.6912713312705318,,1262.6133394121814
4896931637123804544,3,4.060000000000003,0.0007929159960702314,natural_planet,0.23333333333333334,0.017068218304321148,-0.0001403487459503694,0.15024591559142217,0.9504954903431059,0.036490271515165595,2,0.6666666666666666,0.197859810427402,,1137.788751839982
2858315892428273408,3,2.640000000000002,0.00072099463498565,natural_planet,0.17142857142857143,0.05250790597893879,-4.7874313150786385e-05,0.2043987700966103,3.5515513779432304,0.0001018984653532451,2,0.6666666666666666,0.08966688030097629,,1169.346488417586
5238417717985501184,6,10.940000000000008,0.0003645416224198339,natural_planet,0.17647058823529413,0.09065830335351642,2.5666067560603523e-05,0.1299184001867681,,2.203082665730438e-05,1,0.16666666666666666,,,382.7676701877424
5212135537469470208,55,8.880000000000008,0.000235662100654066,natural_planet,0.1,0.012182058799370704,-1.4178154903454754e-06,0.03309916308835631,5.925214265911332,0.0006487254508831253,14,0.2545454545454545,0.9450195529237273,0.8985016204459666,2011.8696235498999
5213768140437482496,23,5.840000000000005,0.00034959009568136246,natural_planet,0.09375,0.024199807873887497,-1.8986876774151895e-05,0.22642105663359888,1.8407809674760458,0.026923097835605203,12,0.5217391304347826,1.0559809397406035,0.9596192310921297,1627.3315826577216
2205859507754005632,3,12.76000000000001,0.001364933602684859,natural_planet,0.17391304347826086,0.034684889855782594,-7.073359133324963e-05,0.13019350119298545,0.6125912839951763,0.006473545010803106,2,0.6666666666666666,0.5134340827905738,,908.8699144819057
5658627250798085120,4,11.980000000000011,0.001084653626363341,RESIDUAL,0.12903225806451613,0.31333018381388256,3.050405195326178e-06,0.21086281296950318,0.7453926843667231,0.0019609138332282727,3,0.75,0.24327640641345216,0.12911053268134948,1443.6754021213678
4742528490545010048,7,10.96000000000001,0.0003622137917366208,natural_planet,0.2222222222222222,0.11810901846349041,5.00039061955837e-05,0.14529013716467815,1.053593791546787,0.0012028957861437428,3,0.6,0.7133823465748415,0.977857485565237,708.4932767352054
1489125913837259520,5,11.86000000000001,0.001048365046758426,eclipsing_binary,0.14814814814814814,0.07063722285589001,0.00024033629339470508,0.6864209901295222,1.295630746211739,0.025315086686446886,3,0.75,0.8040084225628674,0.963195852071667,697.9384135421599
3167332707704591488,8,12.92000000000001,0.0017670341302606918,RESIDUAL,0.25,0.23342641491566896,-2.074440802091182e-05,0.15746360718568472,,0.00410477327131753,1,0.25,,,1339.9971908739105
5196826354177777280,15,12.38000000000001,0.00035394140048738976,natural_planet,0.2,0.004724171725466868,3.12017744039661e-05,0.08110582510008248,0.7829754431289275,0.0020445306952026066,4,0.26666666666666666,1.2133662803777543,0.9919718733314054,946.1817902007269
2418664520110763520,4,2.940000000000002,0.0011154191909094058,eclipsing_binary,0.21428571428571427,0.24587377001702093,0.00037396779047949025,0.1558050014257123,1.25770531674466,0.08068863168346463,3,0.75,0.7277921248289435,0.9691156862770995,1923.063406606805
630290436417675904,8,12.06000000000001,0.0010371564842364123,natural_planet,0.16666666666666666,0.11916861672721268,-6.510012937699372e-05,0.008203401997207016,2.6050144400381927,1.9679053264720636e-05,3,0.375,0.17779677958854234,-0.22823031037185257,2394.880044328366
6005539181006707968,6,2.760000000000002,0.0007179439821286548,RESIDUAL,0.20833333333333334,0.22325910563851098,2.5711139842732322e-05,0.06351487262353916,1.8714643021123758,0.019768131839221548,3,0.5,0.727375270762373,0.9949940728340017,1604.7128036563997
97591969182208768,6,9.640000000000008,0.0004274302549118758,natural_planet,0.2631578947368421,0.025792514438848706,3.21086218625366e-05,0.09326341605225782,1.9495468689242583,0.0003580968071807966,3,0.5,0.5753926386356428,0.2936069966745828,1417.2537985508766
2121303039192097664,10,12.68000000000001,0.0007600251477113407,RESIDUAL,0.21052631578947367,0.060117862946094475,-8.969147075443828e-05,0.032080397330464666,3.8343266518848087,0.003010041447346068,3,0.3,1.352879257915022,0.9963485671163178,925.0998165215952
3129184975681790080,2,1.4000000000000008,0.0014123704972797135,RESIDUAL,0.13636363636363635,0.16772330445375022,-0.000555701732678715,0.26470537199834976,1.3662139569869858,0.1843436247293353,2,1.0,0.13314778143792677,,2757.873398024093
1683531286297878528,6,12.620000000000012,0.0007766390753516372,natural_planet,0.25,0.0772267976087463,-3.0292555884714467e-05,0.024291334285252132,1.4210216894696341,0.0006590385444085189,2,0.3333333333333333,0.087258159685413,,1136.8555850685307
4819741763325357056,5,10.82000000000001,0.0008328943633755248,natural_planet,0.15384615384615385,0.026312990896424852,2.9712707355855628e-05,0.09576825890893007,,1.3794365151142962e-05,2,0.4,0.251462692770911,,3417.206603471033
6174291740298077696,3,12.780000000000012,0.001964255973128104,RESIDUAL,0.5,0.3248240118393454,-0.0001100613242333015,0.001429336339512756,,0.00014679911447179617,1,0.3333333333333333,,,1637.8518875552734
5096891158212909312,5,3.6200000000000028,0.0010567257860967239,eclipsing_binary,0.20512820512820512,0.10611760662620892,0.00047057199544076056,0.20718124886575076,1.358599667190648,0.046121311611529214,3,0.6,0.9580903022045109,0.9974106450411323,2339.13951736629
2528040019831835904,6,1.9000000000000012,0.0005396837183577752,eclipsing_binary,0.16216216216216217,0.10335694088815679,0.00030014442226267146,0.2813407507521261,,0.04906877042376134,4,0.6666666666666666,0.886326411490762,0.9969264714489244,1380.5756170593104
5989496516108297600,2,12.640000000000011,0.0014783328359729841,natural_planet,0.13333333333333333,0.04946790440524796,-9.373156080161316e-05,0.09989058414023334,,0.011263736674293368,2,1.0,0.7984949935645165,,1163.1542331474652
2906653202429467264,3,7.120000000000006,0.0005878228153890497,natural_planet,0.19230769230769232,0.009110526119076773,-2.6496135947517985e-06,0.1242789551210406,0.7115886869988987,0.017491899922498444,1,0.3333333333333333,,,675.7906617370285
5647764213356079360,3,12.86000000000001,0.0020041007428884816,eclipsing_binary,0.21428571428571427,0.12331864379216895,-0.00016752526747221275,0.6014269253393152,1.7098192920172963,0.00030138753004982366,2,1.0,0.14847449838119664,,1261.2530600767154
6004256909931771136,3,12.66000000000001,0.0022096625316090357,RESIDUAL,0.3333333333333333,0.2811382800283941,0.000167219378192085,0.14124497588265778,1.7956353795448325,0.0004838983167467781,2,1.0,0.1648016975748162,,1830.5857813572145
3519113515909457024,3,5.020000000000004,0.000983451133338531,RESIDUAL,0.21052631578947367,0.19591664704839193,1.7283218763930464e-06,0.21542114602180817,2.659949260971077,0.000976886604675431,2,0.6666666666666666,0.345657080643971,,1112.2256899855054
5345260664459863296,7,2.0800000000000014,0.0004390648056347146,natural_planet,0.15151515151515152,0.008694336453258433,2.6425294155085766e-05,0.11620382921096106,2.5964467704201533,0.0052830434429781414,4,0.5714285714285714,1.3726016323066852,0.9996928678924422,1428.534838034268
4309454362443032064,3,10.260000000000009,0.0012948707207528498,RESIDUAL,0.1875,0.016519265298747098,4.178945299826431e-05,0.125365182911021,2.1545077801605985,0.0037239322668569663,1,0.3333333333333333,,,1099.8008633286938
609857047904101248,5,12.880000000000011,0.05666753842105199,disintegrating_body,0.5,0.19662075085891928,-9.485108958229294e-05,0.04675281862861979,2.15458528316839,0.010253331326652293,2,0.5,0.9720099937648582,,1341.5573678897356
5615925139763813248,2,10.040000000000008,0.006751829420002076,eclipsing_binary,0.2727272727272727,0.7605460721270786,7.164201576470575e-05,0.5616955064351722,0.5075834040316819,0.0877687274489295,2,1.0,0.4097085896497247,,2746.1084501153377
5480736165028432768,31,11.580000000000009,0.0002478706190139901,natural_planet,0.21212121212121213,0.10062954656247444,-3.997909664366084e-05,0.1977701502840466,10.507609558517416,0.0004721726898496703,5,0.16129032258064516,0.20236404748851858,0.04674843421821986,772.6755948277903
1897019434678665216,5,11.86000000000001,0.0005911082138014834,RESIDUAL,0.15789473684210525,0.27064029164436576,4.4555691987580026e-05,0.017121047283894828,2.23792528745065,0.00038335748534967795,2,0.4,0.0646823925966176,,1678.8585529648192
119910710900699776,7,8.480000000000008,0.0005432713612723017,natural_planet,0.18518518518518517,0.025368548241928943,2.4228798932712792e-05,0.02139611207805941,3.9578768289952366,0.00011014765186145858,2,0.2857142857142857,0.19221032333807161,,740.2448791972288
5318267653995965568,4,5.200000000000005,0.0020144658744648547,RESIDUAL,0.14285714285714285,0.24484031438724155,-0.0005876335959533741,0.47135687235182355,1.0036007495033727,0.142334142382332,4,1.0,1.0954311625471507,0.9916533317911653,5416.783711469265
2904313927018828928,3,8.540000000000006,0.0005855884473798811,natural_planet,0.13043478260869565,0.08459166807750793,0.00011353117655388267,0.11556308838274977,1.3101034894473982,0.06528065179450926,3,1.0,1.1961545508116724,0.9999987478497583,3962.536159787593
288861019085346816,9,11.20000000000001,0.000179002113057658,natural_planet,0.16129032258064516,0.0603723558512728,-1.563071377974623e-05,0.056187723431219215,5.461420761631801,0.00049772926598457,2,0.2857142857142857,0.7630589254075723,,761.8637926871791
35503024302460160,3,4.620000000000004,0.0009130336857290366,natural_planet,0.18181818181818182,0.030041820197834884,-3.575706371494736e-05,0.03748962581792109,3.402095670284099,1.460233836136915e-05,2,0.6666666666666666,0.3682965864202245,,1111.910004994821
5837923684230846592,5,1.3800000000000008,0.0003387013795682625,eclipsing_binary,0.2,0.30800122997963836,0.00020440565800461385,0.008901509481872318,2.9461170777470174,0.03721108238063331,4,0.8,0.20039315283002074,0.6915274380424818,895.6088646484195
56399315805048192,5,12.00000000000001,0.0007200315517347233,natural_planet,0.16666666666666666,0.014207406450263877,7.810474683123125e-06,0.05675374575590538,,0.0012121568711279673,2,0.4,0.33652469572672195,,1053.0485436505999
2170134691346551424,7,12.42000000000001,0.0002762013112999062,natural_planet,0.15789473684210525,0.07809503465448611,1.4761586402123328e-05,0.2048720818737117,1.6779797893115098,0.0009352677012225419,3,0.42857142857142855,0.18332205799843015,0.9860705624744025,692.187923544729
4640883279120077568,11,12.74000000000001,0.00037062146985600286,natural_planet,0.15384615384615385,0.04373590196847934,4.986329793810196e-05,0.11284438882452545,1.7969591863922383,0.0036114217561965534,5,0.5555555555555556,0.6715219107975589,0.967019116632209,1329.1783607858558
66105563938548608,7,1.9000000000000012,0.001110277416687122,natural_planet,0.2631578947368421,0.12079960937234739,0.0002963122278384356,0.05201257539971481,0.964680943759154,0.08384769602073838,6,0.8571428571428571,1.0741862193578942,0.9827464112819753,1957.9957211225221
1138719357726440576,9,11.86000000000001,0.0005403689289751323,natural_planet,0.1935483870967742,0.04435110616265889,3.105627520749721e-05,0.039231190939812345,2.607843858678465,0.00011203823644834188,1,0.1111111111111111,,,972.9614894660245
1073224267557070464,9,8.820000000000007,0.0006256117718317356,natural_planet,0.12121212121212122,0.07225645463619107,-5.60583045803309e-05,0.39744505559783794,1.5494277576559328,0.016789696537453547,6,0.6666666666666666,0.8689977268625889,0.960432400350626,6843.432469325772
2144307777382679040,5,12.68000000000001,0.001255496251947541,natural_planet,0.11538461538461539,0.05363726115878359,0.0001369352363305154,0.1470253756759515,1.5342463150689838,0.01071724418445319,2,0.5,0.6229685917602539,,2452.3361038225335
892296979210573184,14,12.980000000000011,0.00034513127208324335,RESIDUAL,0.1935483870967742,0.013804117168348343,-1.3875403896967953e-05,0.0898563224705386,2.664916712394185,0.0009453796771032863,1,0.1111111111111111,,,1544.8712589613954
5848488341699430272,16,6.780000000000006,0.00023458891319816377,natural_planet,0.19047619047619047,0.01272547757977976,5.1168882901908574e-06,0.1547822702226909,2.7424022811486988,0.0016051766068755358,4,0.25,1.1709661702687328,0.9934393608731991,5237.351272431582
2089492759052331008,21,1.3400000000000007,0.0010586310283779987,eclipsing_binary,0.05555555555555555,0.18391502533096638,0.000352384759399027,0.0519107753359006,1.3327575509853165,0.004449774033882914,16,0.7619047619047619,1.678325217432227,0.9753451073384181,1821.7200768583596
5488829494025070080,16,12.960000000000012,0.0004756344221430453,natural_planet,0.20689655172413793,0.03552645372328064,-4.9799474170164615e-05,0.08714989007197396,3.5925635232857918,0.00017288683867355825,6,0.42857142857142855,1.3076303077896085,0.9907073519226929,1326.5451279515833
